Confirmed, Key, LangType, KOR, CN, JAP, KOR_Service, No KOR
,"10101","JAP","지휘계통 오픈… 이제 화면에서 움직이고 싶은 방향을 누르고,\n여러분은 이쪽으로 이동할 수 있습니다!","指挥系统开启……现在，按住屏幕上想移动的方向，\n大家就能向该方向移动！","指挥系统开启……现在，按住屏幕上想移动的方向，\n大家就能向该方向移动！","指挥系统开启……现在，按住屏幕上想移动的方向，\n大家就能向该方向移动！",O
,"10201","JAP","타겟을 클릭하여 AG를 움직이게 하면 AG는 타겟에 대해 현재 선택된 스킬을 즉시 사용하게 됩니다!","通过点击目标让AG行动，AG会立即对目标使用当前选定的技能！","通过点击目标让AG行动，AG会立即对目标使用当前选定的技能！","通过点击目标让AG行动，AG会立即对目标使用当前选定的技能！",O
,"10301","JAP","지금 선정 기능을 전환하려고 시도합니다. 관뢰사류포를 선택해서 괴뢰 무리를 일거에 없애십시오!","现在尝试切换选定技能，请选择「贯雷射流炮」一举消灭傀儡群！","现在尝试切换选定技能，请选择「贯雷射流炮」一举消灭傀儡群！","现在尝试切换选定技能，请选择「贯雷射流炮」一举消灭傀儡群！",O
,"10302","JAP","관뢰사류포를 사용하여 모든 괴뢰들을 공격하라!\n전체 범위 기능 사용 시, 임의의 목표를 선택하여 적 전체를 공격할 수 있습니다!","使用「贯雷射流炮」，攻击全体傀儡！\n使用全体范围技能时，选择任意目标都可以攻击敌方全体！","使用「贯雷射流炮」，攻击全体傀儡！\n使用全体范围技能时，选择任意目标都可以攻击敌方全体！","使用「贯雷射流炮」，攻击全体傀儡！\n使用全体范围技能时，选择任意目标都可以攻击敌方全体！",O
,"10401","JAP","다루기 힘든 적을 만난 듯싶다.\n필살기를 사용할 적기다!","似乎遇到了难缠的敌人，\n正是使用必杀技的最佳时机！","似乎遇到了难缠的敌人，\n正是使用必杀技的最佳时机！","似乎遇到了难缠的敌人，\n正是使用必杀技的最佳时机！",O
,"10402","JAP","필살기 「하타노에다이」가 이미 완성되었습니다!","必杀技「羽之依代」已就绪！","必杀技「羽之依代」已就绪！","必杀技「羽之依代」已就绪！",O
,"10501","JAP","일부 AG는 수동적인 기능을 가지고 있어 지정된 조건을 만족시키면 자동으로 트리거됩니다.\n스킬 아이콘을 길게 누르면 스킬에 대한 자세한 설명을 볼 수 있습니다. 다른 스킬에 맞추어 다른 전술로 구성할 수 있습니다!","部分AG拥有被动技能，满足指定条件即可自动触发，\n长按技能图标，即可查看技能详细描述，配合其他技可以组成不同战术！","部分AG拥有被动技能，满足指定条件即可自动触发，\n长按技能图标，即可查看技能详细描述，配合其他技可以组成不同战术！","部分AG拥有被动技能，满足指定条件即可自动触发，\n长按技能图标，即可查看技能详细描述，配合其他技可以组成不同战术！",O
,"10601","JAP","모든 전희가 공격할 때, 동료의 도움을 받을 확률이 있다.\n니오의 기능 「종달새의 날 쫓기」는 반드시 도움말을 촉발할 수 있다!","所有战姬攻击时，都有一定几率触发队友助攻\n妮欧的技能「云雀追刃」能必定触发助攻！","所有战姬攻击时，都有一定几率触发队友助攻\n妮欧的技能「云雀追刃」能必定触发助攻！","所有战姬攻击时，都有一定几率触发队友助攻\n妮欧的技能「云雀追刃」能必定触发助攻！",O
,"10602","JAP","팀 동료와 호흡을 맞춰 강적을 맞아라.","配合队友，迎击强敌吧！","配合队友，迎击强敌吧！","配合队友，迎击强敌吧！",O
,"10701","JAP","지휘관,\n우리 함선의 AG 전비기능은 복구되어 있어 이를 통해 AG의 기능을 강화할 수 있습니다.","指挥官，\n我们舰船的AG战备功能已经修复，可以通过它来强化AG的技能。","指挥官，\n我们舰船的AG战备功能已经修复，可以通过它来强化AG的技能。","指挥官，\n我们舰船的AG战备功能已经修复，可以通过它来强化AG的技能。",O
,"10702","JAP","강화하고 싶은 거 선택해 주세요","请选择想要强化的技能","请选择想要强化的技能","请选择想要强化的技能",O
,"10703","JAP","강화 버튼을 눌러주세요","请点击强化按钮","请点击强化按钮","请点击强化按钮",O
,"10704","JAP","하지만 기능 강화에는 '디코딩 칩'과 비용이 든다.","不过，强化技能需要消耗“解码芯片”和一定的资金。","不过，强化技能需要消耗“解码芯片”和一定的资金。","不过，强化技能需要消耗“解码芯片”和一定的资金。",O
,"10705","JAP","AG의 전투능력을 향상시키기 위해\n이 정도의 작은 지불은 분명히 가치가 있습니다.당신은 적극적으로 재료를 수집해서 여러분이 끊임없이 강해질 수 있도록 하세요.","为了提升AG的战斗能力，\n这点小小的付出肯定是值得的，请您积极收集材料，让大家不断变强吧。","为了提升AG的战斗能力，\n这点小小的付出肯定是值得的，请您积极收集材料，让大家不断变强吧。","为了提升AG的战斗能力，\n这点小小的付出肯定是值得的，请您积极收集材料，让大家不断变强吧。",O
,"10801","JAP","지휘관님, 우리는 새로운 구성원이 가입했습니다!\n편대 플랫폼을 선택해 '편대'를 진행해보세요!","指挥官，我们有新成员加入了！\n请选择编队平台进行“编队”吧！","指挥官，我们有新成员加入了！\n请选择编队平台进行“编队”吧！","指挥官，我们有新成员加入了！\n请选择编队平台进行“编队”吧！",O
,"10802","JAP","우리는 “편대” 인터페이스를 통해 작전소대를 관리할 수 있다.\n클릭해서 들어가 보세요!","我们可以通过“编队”界面来管理作战小队，\n点击进去看看吧！","我们可以通过“编队”界面来管理作战小队，\n点击进去看看吧！","我们可以通过“编队”界面来管理作战小队，\n点击进去看看吧！",O
,"10803","JAP","각 소대별로 4개의 포지션을 선택할 수 있으며, 그 중 1번 포지션은 적의 표적이 되기 쉬울 것이다.\nAG의 특성을 살려 적절한 전술 포지션을 선택하세요!","每个小队有4个位置可以选择，其中1号位会更容易成为敌人的攻击目标，\n结合AG的特性，为大家选择一个合适的战术位置吧！","每个小队有4个位置可以选择，其中1号位会更容易成为敌人的攻击目标，\n结合AG的特性，为大家选择一个合适的战术位置吧！","每个小队有4个位置可以选择，其中1号位会更容易成为敌人的攻击目标，\n结合AG的特性，为大家选择一个合适的战术位置吧！",O
,"10804","JAP","지난 전투 후, 새로운 AG 백조 마거트는 이미 우리에게 합류했다.\n이제 그를 대열에 합류시키자.","上一场战斗后，新的AG「天鹅」玛格特已经加入我们了，\n现在，让我们把他加入到队伍中。","上一场战斗后，新的AG「天鹅」玛格特已经加入我们了，\n现在，让我们把他加入到队伍中。","上一场战斗后，新的AG「天鹅」玛格特已经加入我们了，\n现在，让我们把他加入到队伍中。",O
,"10805","JAP","스완 마거트를 선택하십시오.","请选中「天鹅」玛格特。","请选中「天鹅」玛格特。","请选中「天鹅」玛格特。",O
,"10806","JAP","클릭해 입단시켜 정식 입단시켜라!","点击入队，让她正式加入队伍吧！","点击入队，让她正式加入队伍吧！","点击入队，让她正式加入队伍吧！",O
,"10807","JAP","좋아, 마거트는 이미 작전 소대에 입대했어.\n그 후 우리는 함께 싸울 동료다!","很好，玛格特已经加入作战小队。！\n之后，我们就是并肩作战的同伴了！","很好，玛格特已经加入作战小队。！\n之后，我们就是并肩作战的同伴了！","很好，玛格特已经加入作战小队。！\n之后，我们就是并肩作战的同伴了！",O
,"10901","JAP","특수 부대 「벨트」의 지휘관으로서, 당신은 아직 알아야 할 많은 일이 있습니다.\n제가 하나하나 설명해 보겠습니다.","作为一个特殊部队「纽带」的指挥官，您还有很多事务需要了解\n下面就让我来逐一说明吧。","作为一个特殊部队「纽带」的指挥官，您还有很多事务需要了解\n下面就让我来逐一说明吧。","作为一个特殊部队「纽带」的指挥官，您还有很多事务需要了解\n下面就让我来逐一说明吧。",O
,"10902","JAP","당신의 AG부대가 빠르게 적응하고 성장할 수 있도록,\n전선과 오토루나는 우리를 위해 훈련과 임무를 준비했다.","为了让您的AG部队迅速地适应和成长，\n阵线与奥托露娜为我们准备了一些训练与任务。","为了让您的AG部队迅速地适应和成长，\n阵线与奥托露娜为我们准备了一些训练与任务。","为了让您的AG部队迅速地适应和成长，\n阵线与奥托露娜为我们准备了一些训练与任务。",O
,"10903","JAP","훈련은 여러 단계로 나뉜다.\n한 단계의 모든 임무를 수행한 후에야 다음 단계를 진행할 수 있다.","训练分为多个阶段\n完成一个阶段所有任务后，才能进行下一阶段。","训练分为多个阶段\n完成一个阶段所有任务后，才能进行下一阶段。","训练分为多个阶段\n完成一个阶段所有任务后，才能进行下一阶段。",O
,"10904","JAP","각 단계에서의 임무 역시 점진적으로 완성해야 한다.\n그러니 일단 '1단계' 훈련부터 끝내자.","每个阶段中的任务同样需要逐步完成\n所以，先完成“第一阶段”的训练吧！","每个阶段中的任务同样需要逐步完成\n所以，先完成“第一阶段”的训练吧！","每个阶段中的任务同样需要逐步完成\n所以，先完成“第一阶段”的训练吧！",O
,"10905","JAP","작업 제목에서 작업 대상을 볼 수 있습니다.","在任务标题处可以查看任务目标。","在任务标题处可以查看任务目标。","在任务标题处可以查看任务目标。",O
,"10906","JAP","미션을 수행한 후 “수령”을 누르는 것을 잊지 마세요.\n미션 당첨!","完成任务后，别忘了点击“领取”，\n来获得任务奖励！","完成任务后，别忘了点击“领取”，\n来获得任务奖励！","完成任务后，别忘了点击“领取”，\n来获得任务奖励！",O
,"10907","JAP","훈련 포인트가 어느 정도 되면\n진도 인센티브를 받으실 수 있습니다.","当训练点数达到一定程度时，\n就可以领取进度奖励了。","当训练点数达到一定程度时，\n就可以领取进度奖励了。","当训练点数达到一定程度时，\n就可以领取进度奖励了。",O
,"10908","JAP","또한, 작업 중 '가기' 버튼을 클릭하면\n바로 임무 수행 장소로 갈 수 있어 편리하다.","此外，只要点击任务中的“前往”按键，\n就能立刻前往执行任务的地点，非常便捷。","此外，只要点击任务中的“前往”按键，\n就能立刻前往执行任务的地点，非常便捷。","此外，只要点击任务中的“前往”按键，\n就能立刻前往执行任务的地点，非常便捷。",O
,"10909","JAP","자, 이제 완전히 파악하셨으리라 믿습니다.\n이제 우리 모두 힘내세요, 존경하는 지휘관님!","好了，相信您已经完全掌握了，\n接下来就让我们一起加油吧，尊敬的指挥官！","好了，相信您已经完全掌握了，\n接下来就让我们一起加油吧，尊敬的指挥官！","好了，相信您已经完全掌握了，\n接下来就让我们一起加油吧，尊敬的指挥官！",O
,"11001","JAP","지휘관, 함선의 과학 연구실은 이미 복구가 끝났다.\n이제 더 어려운 작전에 대비해 AG의 기술을 한 단계 업그레이드해 보자.","指挥官，舰船的科研室已经修复完毕，\n现在，为了应对更艰难的作战，提升一下AG的科技吧！","指挥官，舰船的科研室已经修复完毕，\n现在，为了应对更艰难的作战，提升一下AG的科技吧！","指挥官，舰船的科研室已经修复完毕，\n现在，为了应对更艰难的作战，提升一下AG的科技吧！",O
,"11002","JAP","지휘관님, 저를 따라오십시오.","指挥官，请随我来。","指挥官，请随我来。","指挥官，请随我来。",O
,"11003","JAP","AG-01B 종달새 니오의 기술은 향상된 상태입니다.","AG-01B「云雀」妮欧的科技处于可提升状态。","AG-01B「云雀」妮欧的科技处于可提升状态。","AG-01B「云雀」妮欧的科技处于可提升状态。",O
,"11004","JAP","“테크” 버튼을 클릭하십시오.","请点击“科技”按键。","请点击“科技”按键。","请点击“科技”按键。",O
,"11005","JAP","과학연구실에 와서 패널을 조작하다.","来到科研室操作面板。","来到科研室操作面板。","来到科研室操作面板。",O
,"11006","JAP","각 AG의 과학기술 패널에는 모두 6개의 과학기술이 있다.\n매번 과학기술을 1개 업그레이드할 때마다 대응 능력치를 높일 수 있다.","每个AG的科技面板上共有6项科技，\n每升级1项科技，就能提升对应的能力值。","每个AG的科技面板上共有6项科技，\n每升级1项科技，就能提升对应的能力值。","每个AG的科技面板上共有6项科技，\n每升级1项科技，就能提升对应的能力值。",O
,"11007","JAP","과학기술 3단계를 업그레이드하면 전희의 기량도 강화할 수 있다.","升级科技第三阶段后，还可以强化战姬的技能。","升级科技第三阶段后，还可以强化战姬的技能。","升级科技第三阶段后，还可以强化战姬的技能。",O
,"11008","JAP","AG는 레벨 10마다 1개의 과학기술을 업그레이드할 수 있으며, 반드시 순서대로 업그레이드해야 한다.\n먼저 첫 번째 과학 기술을 살펴보자.","AG每10级可以升级1项科技，而且必须按顺序升级\n我们先来查看第一项科技。","AG每10级可以升级1项科技，而且必须按顺序升级\n我们先来查看第一项科技。","AG每10级可以升级1项科技，而且必须按顺序升级\n我们先来查看第一项科技。",O
,"11009","JAP","지금 바로 그녀를 위해 '시스템 리뉴얼'을 진행합니다.\n능력치를 올려주세요!","现在就为她进行“系统更新”，\n来提升她的能力值吧！","现在就为她进行“系统更新”，\n来提升她的能力值吧！","现在就为她进行“系统更新”，\n来提升她的能力值吧！",O
,"11010","JAP","종달새 니오는 이미 '시스템 업데이트'를 마쳤다.","「云雀」妮欧已经完成“系统更新”！","「云雀」妮欧已经完成“系统更新”！","「云雀」妮欧已经完成“系统更新”！",O
,"11011","JAP","과학기술을 업그레이드하려면 과학 연구의 키를 소모해야 한다.\n“재료 미리보기”를 클릭하시면 모든 기술을 업그레이드한 물품 목록을 볼 수 있습니다.","升级科技需要消耗“科研密钥”。\n点击“材料预览”，可以查看升级全部科技的物品清单。","升级科技需要消耗“科研密钥”。\n点击“材料预览”，可以查看升级全部科技的物品清单。","升级科技需要消耗“科研密钥”。\n点击“材料预览”，可以查看升级全部科技的物品清单。",O
,"11012","JAP","“과학 연구 키”는 “데이터 수집”에서 얻을 수 있습니다. 이것을 목표로 하십시오!","“科研密钥”可以在“数据采集”中获得，请以此为目标吧！","“科研密钥”可以在“数据采集”中获得，请以此为目标吧！","“科研密钥”可以在“数据采集”中获得，请以此为目标吧！",O
,"12001","JAP","지휘관님, 우리 함교는 이미 수리가 끝났습니다.\n당신의 부관인 카펠라로서,나는 최선을 다해 당신이 플래그쉽의 운영에 익숙하도록 돕겠습니다.","指挥官，我们的舰桥已经修理完成，\n作为您的副官卡佩拉，我会尽全力协助您熟悉旗舰的运作。","指挥官，我们的舰桥已经修理完成，\n作为您的副官卡佩拉，我会尽全力协助您熟悉旗舰的运作。","指挥官，我们的舰桥已经修理完成，\n作为您的副官卡佩拉，我会尽全力协助您熟悉旗舰的运作。",O
,"12002","JAP","보급품 구매, 작전단위 정비, 대열 배치 등을 할 수 있다.","您可以在这里采购补给、整顿作战单位、配置队伍等。","您可以在这里采购补给、整顿作战单位、配置队伍等。","您可以在这里采购补给、整顿作战单位、配置队伍等。",O
,"12003","JAP","그러나 아직 임무를 완수하지 못한 우리는 지금이라도 빨리 전장으로 돌아가는 것이 좋다.","但我们还有任务尚未完成，现在尽快返回战场比较好。","但我们还有任务尚未完成，现在尽快返回战场比较好。","但我们还有任务尚未完成，现在尽快返回战场比较好。",O
,"12004","JAP","챕터 아이콘을 클릭하여 메인 챕터로 들어가십시오.","请点击章节图标来进入主线章节。","请点击章节图标来进入主线章节。","请点击章节图标来进入主线章节。",O
,"12005","JAP","이제 첫 번째 임무부터 수행하겠습니다.\n관문 1-1을 선택하십시오.","现在，我们先来执行第一个任务。\n请选择关卡1-1。","现在，我们先来执行第一个任务。\n请选择关卡1-1。","现在，我们先来执行第一个任务。\n请选择关卡1-1。",O
,"12006","JAP","관문의 전장정보를 볼 수 있다.\n클릭해서 작전에 임하면 본격적인 전투를 시작할 수 있다.","这里可以看到关卡的战场信息，\n只要点击前往作战后，就可以开始正式战斗了。","这里可以看到关卡的战场信息，\n只要点击前往作战后，就可以开始正式战斗了。","这里可以看到关卡的战场信息，\n只要点击前往作战后，就可以开始正式战斗了。",O
,"12007","JAP","우리는 매번 전투에 돌입하기 전에 AG 편대를 조정할 수 있다.\n현재 편대는 이미 완성되었으니 전투에 돌입하라!","每次进入战斗前，我们都可以调整AG编队，\n当前编队已经完成，进入战斗吧！","每次进入战斗前，我们都可以调整AG编队，\n当前编队已经完成，进入战斗吧！","每次进入战斗前，我们都可以调整AG编队，\n当前编队已经完成，进入战斗吧！",O
,"13001","JAP","작전의 기본 정보를 소개한다.","接下来我将介绍作战中的基本信息。","接下来我将介绍作战中的基本信息。","接下来我将介绍作战中的基本信息。",O
,"13002","JAP","우선 우리의 전투 목표는 우리측 단위 생명력이 제로화되기 전에 적을 섬멸하는 것이다.","首先，我们的战斗目标是在我方单位生命力归零之前歼灭敌方。","首先，我们的战斗目标是在我方单位生命力归零之前歼灭敌方。","首先，我们的战斗目标是在我方单位生命力归零之前歼灭敌方。",O
,"13003","JAP","우리 측의 위계, 생명력, 상태 등의 정보는 모두 작전단위 위에 표시된다.\n항상 주시하면서 각 멤버의 상태를 확인하시기 바랍니다!","我方的等级、生命力、状态等情报都会显示在作战单位上方，\n请您务必时刻关注，并确认各成员的状态！","我方的等级、生命力、状态等情报都会显示在作战单位上方，\n请您务必时刻关注，并确认各成员的状态！","我方的等级、生命力、状态等情报都会显示在作战单位上方，\n请您务必时刻关注，并确认各成员的状态！",O
,"13004","JAP","아래쪽의 행동게이지직을 보면 양쪽 단위의 공격순서를 알 수 있습니다.\n작전계획 수립에 도움이 될 수 있도록 참고하시고, 행동지문을 클릭하시면 보다 자세한 행동정보를 보실 수 있습니다!","查看下方的行动条，可以了解双方单位的攻击顺序，\n多加参考有利于拟定作战计划，点击行动条可以查看更详细的行动信息哦！","查看下方的行动条，可以了解双方单位的攻击顺序，\n多加参考有利于拟定作战计划，点击行动条可以查看更详细的行动信息哦！","查看下方的行动条，可以了解双方单位的攻击顺序，\n多加参考有利于拟定作战计划，点击行动条可以查看更详细的行动信息哦！",O
,"13005","JAP","게다가 우리는 이곳에서 기량을 선택하거나 살피고, 전술에 따라 다양한 적에 대응할 수 있다.\n스킬 아이콘을 더블 클릭하면 빠른 속도로 이 스킬로 공격할 수 있습니다!","此外，我们还可以在这里选择或查看技能，拟定不同战术，应对各式各样的敌人。\n双击技能图标可以快速使用该技能进行攻击哦！","此外，我们还可以在这里选择或查看技能，拟定不同战术，应对各式各样的敌人。\n双击技能图标可以快速使用该技能进行攻击哦！","此外，我们还可以在这里选择或查看技能，拟定不同战术，应对各式各样的敌人。\n双击技能图标可以快速使用该技能进行攻击哦！",O
,"13006","JAP","그럼 이제 전투를 지휘해 주십시오.","那么现在，就请您开始指挥战斗吧。","那么现在，就请您开始指挥战斗吧。","那么现在，就请您开始指挥战斗吧。",O
,"14001","JAP","지휘관은 우리가 강력한 적과 마주쳤음을 주의하라!나는 그 정보를 화면 위에 놓을 것이다.\n이런 적은 보통의 괴뢰보다 더욱 강합니다.당신은 반드시 적의 기능 정보를 주의 깊게 보십시오!","指挥官请注意，我们遇到了强大的敌人！我会将它的信息置于屏幕上方。\n这种敌人比一般的傀儡更加强大，请您一定要注意查看敌人技能信息！","指挥官请注意，我们遇到了强大的敌人！我会将它的信息置于屏幕上方。\n这种敌人比一般的傀儡更加强大，请您一定要注意查看敌人技能信息！","指挥官请注意，我们遇到了强大的敌人！我会将它的信息置于屏幕上方。\n这种敌人比一般的傀儡更加强大，请您一定要注意查看敌人技能信息！",O
,"14002","JAP","이런 적에게 우리는 '핵심'의 우위를 발휘해야 한다.\n지휘관은 내가 설명할 필요가 있을까.","面对这样的敌人，我们必须发挥“核心”的优势。\n指挥官是否需要我来说明呢？","面对这样的敌人，我们必须发挥“核心”的优势。\n指挥官是否需要我来说明呢？","面对这样的敌人，我们必须发挥“核心”的优势。\n指挥官是否需要我来说明呢？",O
,"14003","JAP","모든 괴뢰와 AG는 '핵심'을 가지고 있다.\n창정, 전자기, 열융착 등 3가지 유형으로 나뉜다.","所有的傀儡与AG都有“核心”，\n并分为苍晶、电磁、热熔这3种类型。","所有的傀儡与AG都有“核心”，\n并分为苍晶、电磁、热熔这3种类型。","所有的傀儡与AG都有“核心”，\n并分为苍晶、电磁、热熔这3种类型。",O
,"14004","JAP","서로 다른 유형의 핵심은 자제 관계에 있다.\n나아가 기능 상해와 적중률에 영향을 준다.","不同类型的核心存在克制关系，\n进而影响技能伤害与命中率。","不同类型的核心存在克制关系，\n进而影响技能伤害与命中率。","不同类型的核心存在克制关系，\n进而影响技能伤害与命中率。",O
,"14005","JAP","이번에 만난 괴뢰는 열융의 핵심이었다.\n그래서 전자기 코어 AG에 의해 자제된다!너무 좋다!","这次遇到的傀儡是热熔核心，\n所以会被电磁核心的AG克制！太好了！","这次遇到的傀儡是热熔核心，\n所以会被电磁核心的AG克制！太好了！","这次遇到的傀儡是热熔核心，\n所以会被电磁核心的AG克制！太好了！",O
,"15001","JAP","지휘관님, 저희 장비 시스템은 수리를 마치고 AG에 개방했습니다.\n이제 제로 4를 위해 무장합시다. 장비는 전희의 능력을 높이는 가장 효과적인 방식이 될 것입니다!","指挥官，我们的装备系统已经修理完毕并开放给AG使用了。\n现在我们为零四武装一下吧，装备将是提升战姬能力最有效的方式！","指挥官，我们的装备系统已经修理完毕并开放给AG使用了。\n现在我们为零四武装一下吧，装备将是提升战姬能力最有效的方式！","指挥官，我们的装备系统已经修理完毕并开放给AG使用了。\n现在我们为零四武装一下吧，装备将是提升战姬能力最有效的方式！",O
,"15002","JAP","먼저 전희 인터페이스로 들어가세요.","请先进入“战姬”界面。","请先进入“战姬”界面。","请先进入“战姬”界面。",O
,"15003","JAP","니오의 장비부터 살펴볼까요?\n니오를 선택해 주세요.","我们先来查看一下妮欧的装备吧，\n请选择妮欧。","我们先来查看一下妮欧的装备吧，\n请选择妮欧。","我们先来查看一下妮欧的装备吧，\n请选择妮欧。",O
,"15004","JAP","장비 패널을 클릭하여 전희장비 페이지로 들어가십시오.","请点击装备面板，进入战姬装备页面。","请点击装备面板，进入战姬装备页面。","请点击装备面板，进入战姬装备页面。",O
,"15005","JAP","AG의 화재 제어 시스템을 선택하십시오.\n그녀의 화력 제어 장비를 배치하자.","选择AG的火控系统，\n来配置她的火控装备吧。","选择AG的火控系统，\n来配置她的火控装备吧。","选择AG的火控系统，\n来配置她的火控装备吧。",O
,"15006","JAP","우리는 여기에서 모든 장비를 볼 수 있습니다.\n그중 하나를 선택해 주세요.","我们可以在这里看到所有装备，\n请选择其中一件。","我们可以在这里看到所有装备，\n请选择其中一件。","我们可以在这里看到所有装备，\n请选择其中一件。",O
,"15007","JAP","“적재”를 누르면 장비 세팅 완료!","点击“装载”，装备配置完成！","点击“装载”，装备配置完成！","点击“装载”，装备配置完成！",O
,"15008","JAP","만약 중요한 장비가 있다면 잠그는 것을 잊지 마라!\n오촉에 의한 장비 분해를 방지한다.","如果有重要的装备，别忘记锁定！\n避免误触导致装备分解。","如果有重要的装备，别忘记锁定！\n避免误触导致装备分解。","如果有重要的装备，别忘记锁定！\n避免误触导致装备分解。",O
,"15009","JAP","장비 사양이 완성되었지만, 더 강화되어야 한다.\n다음으로, 이 장비를 강화합시다!","装备配置完成了，但还需要进一步强化，\n接下来，就让我们强化一下这件装备吧！","装备配置完成了，但还需要进一步强化，\n接下来，就让我们强化一下这件装备吧！","装备配置完成了，但还需要进一步强化，\n接下来，就让我们强化一下这件装备吧！",O
,"15010","JAP","장비의 팝업창에서 '강화'를 클릭하면\n장비 강화!","只要在装备的弹窗中点击“强化”，\n就能强化装备！","只要在装备的弹窗中点击“强化”，\n就能强化装备！","只要在装备的弹窗中点击“强化”，\n就能强化装备！",O
,"15011","JAP","대응하는 웨이퍼 또는 여분의 장비를 선택할 수 있다.\n강화에 필요한 재료로 사용됩니다.","可以选择对应的晶片或多余的装备，\n作为强化所需的材料。","可以选择对应的晶片或多余的装备，\n作为强化所需的材料。","可以选择对应的晶片或多余的装备，\n作为强化所需的材料。",O
,"15012","JAP","자료를 선택하신 후 “강화”를 클릭하시면 됩니다!","选择材料后，即可点击“强化”！","选择材料后，即可点击“强化”！","选择材料后，即可点击“强化”！",O
,"15013","JAP","다른 부위의 장비 세팅도 잊지 마세요!\n세트로 된 장비를 배치하면 더 좋은 효과를 발휘할 수 있다는 점에 유의하라.","别忘了配置其他部位的装备哦！\n注意，配置成套的装备会发挥更好的效果。","别忘了配置其他部位的装备哦！\n注意，配置成套的装备会发挥更好的效果。","别忘了配置其他部位的装备哦！\n注意，配置成套的装备会发挥更好的效果。",O
,"15014","JAP","방금 전투에서 얻은 장비는 '공격 슈트'의 세트 효과를 가지고 있다.\n'공격 세트'를 장착하면 AG의 공격력은 35%추가 증가한다!","刚刚的战斗中所获得的装备拥有“攻击套装”的套装效果，\n当装备一套“攻击套装”时，AG的攻击力就会额外增加35%！","刚刚的战斗中所获得的装备拥有“攻击套装”的套装效果，\n当装备一套“攻击套装”时，AG的攻击力就会额外增加35%！","刚刚的战斗中所获得的装备拥有“攻击套装”的套装效果，\n当装备一套“攻击套装”时，AG的攻击力就会额外增加35%！",O
,"15015","JAP","세트별 효과에 필요한 장비 수량이 다릅니다.\n그러니 꼭 알맞게 꾸며서 최적의 코디를 찾아주세요!","不同套装效果所需的装备数量不同，\n因此一定要合理配装，找出最佳搭配！","不同套装效果所需的装备数量不同，\n因此一定要合理配装，找出最佳搭配！","不同套装效果所需的装备数量不同，\n因此一定要合理配装，找出最佳搭配！",O
,"15016","JAP","또한, 우리는 상황실을 통해 창고로 들어갈 수도 있습니다.\n그곳에서 장비를 보다 편리하게 살펴보고 조정할 수 있다.","此外，我们也可以通过指挥室进入仓库，\n在那里可以更便捷地查看与调整装备。","此外，我们也可以通过指挥室进入仓库，\n在那里可以更便捷地查看与调整装备。","此外，我们也可以通过指挥室进入仓库，\n在那里可以更便捷地查看与调整装备。",O
,"16001","JAP","지휘관, 함선의 자율작전체계 복구가 완료되었습니다!\n지휘관님, 제가 이 기능을 간단히 소개해 드리겠습니다.","指挥官，舰船的自律作战系统已经修复完成！\n指挥官，接下来我将为您简单介绍该功能。","指挥官，舰船的自律作战系统已经修复完成！\n指挥官，接下来我将为您简单介绍该功能。","指挥官，舰船的自律作战系统已经修复完成！\n指挥官，接下来我将为您简单介绍该功能。",O
,"16002","JAP","'자율작전' 버튼을 클릭하면\nAG들은 스스로 움직이고 전투 스킬을 스스로 사용할 수 있다!","通过点击“自律作战”按钮，\nAG们就能自主行动、自主使用战斗技能哦！","通过点击“自律作战”按钮，\nAG们就能自主行动、自主使用战斗技能哦！","通过点击“自律作战”按钮，\nAG们就能自主行动、自主使用战斗技能哦！",O
,"16003","JAP","공격 목표의 우선순위를 조절할 수 있습니다!","这里可以调整我方选择攻击目标的优先级！","这里可以调整我方选择攻击目标的优先级！","这里可以调整我方选择攻击目标的优先级！",O
,"16004","JAP","여기를 클릭하시면 소대 목록을 열 수 있습니다!","点击此处就可以打开小队列表啦！","点击此处就可以打开小队列表啦！","点击此处就可以打开小队列表啦！",O
,"16005","JAP","여기가 바로 현재 소팀의 목록입니다!\n우리는 목록에서 AG에 대해 자동으로 전투하는 방식을 설정할 수 있다.","这里就是当前小队的列表了！\n我们可以在列表中对AG自动战斗的方式进行设置。","这里就是当前小队的列表了！\n我们可以在列表中对AG自动战斗的方式进行设置。","这里就是当前小队的列表了！\n我们可以在列表中对AG自动战斗的方式进行设置。",O
,"16006","JAP","AG 프로필을 클릭하면 기능의 사용순서를 빠르게 설정할 수 있습니다!\n기능 아이콘만 드래그하면 순서를 바꿀 수 있다.","点击AG头像，即可对技能的使用顺序进行快捷设置！\n只要拖动技能图标，就可以改变顺序。","点击AG头像，即可对技能的使用顺序进行快捷设置！\n只要拖动技能图标，就可以改变顺序。","点击AG头像，即可对技能的使用顺序进行快捷设置！\n只要拖动技能图标，就可以改变顺序。",O
,"16007","JAP","기능 목록 앞쪽에 있는 '확장키'를 클릭하면 더 자세한 설정 인터페이스로 진입할 수 있다!","点击技能列表前端的“扩展键”就可以进入更详细设置界面！","点击技能列表前端的“扩展键”就可以进入更详细设置界面！","点击技能列表前端的“扩展键”就可以进入更详细设置界面！",O
,"16008","JAP","여기서 방출 순서, 방출 조건, 우선 목표에 대한 사용자 정의 설정이 가능하다.","在这里可以对释放顺序、释放条件、优先目标进行自定义设置。","在这里可以对释放顺序、释放条件、优先目标进行自定义设置。","在这里可以对释放顺序、释放条件、优先目标进行自定义设置。",O
,"16009","JAP","자동 전투 시, 목표물을 더블 클릭하면, 소대로 하여금 우선 공격하게 할 수 있다!\n자동 전투는 편리하지만, 비교적 어려운 임무에 직면했을 때, 당신이 직접 지휘하는 것을 권장합니다!","在自动战斗时，双击目标敌人，即可让小队对其优先攻击！\n自动战斗虽然方便，但在面临较为困难的任务时，建议您还是亲自指挥吧！","在自动战斗时，双击目标敌人，即可让小队对其优先攻击！\n自动战斗虽然方便，但在面临较为困难的任务时，建议您还是亲自指挥吧！","在自动战斗时，双击目标敌人，即可让小队对其优先攻击！\n自动战斗虽然方便，但在面临较为困难的任务时，建议您还是亲自指挥吧！",O
,"17001","JAP","《여우》 0 4 방금 대열에 합류했습니다. 우리는 그녀를 강화시켜야 합니다!\n지휘관은 내가 AG를 강화하는 방법을 설명해 줄 필요가 있을까.","「狐狸」零四刚刚加入队伍，我们必须对她进行强化！\n指挥官是否需要我来讲解如何强化AG呢？","「狐狸」零四刚刚加入队伍，我们必须对她进行强化！\n指挥官是否需要我来讲解如何强化AG呢？","「狐狸」零四刚刚加入队伍，我们必须对她进行强化！\n指挥官是否需要我来讲解如何强化AG呢？",O
,"17002","JAP","AG를 강화하려면 먼저 전희계면에 들어가야 한다.","想要强化AG，我们要先进入战姬界面。","想要强化AG，我们要先进入战姬界面。","想要强化AG，我们要先进入战姬界面。",O
,"17003","JAP","여우 04를 선택해 주세요.","请选择「狐狸」零四。","请选择「狐狸」零四。","请选择「狐狸」零四。",O
,"17004","JAP","'강화'를 클릭하여 강화 인터페이스로 들어갑니다.\n04의 작전 능력을 높이다.","点击“强化”进入强化界面，\n提升零四的作战能力。","点击“强化”进入强化界面，\n提升零四的作战能力。","点击“强化”进入强化界面，\n提升零四的作战能力。",O
,"17005","JAP","여기를 클릭하면 강화에 필요한 재료를 추가할 수 있다.","点击这里，就可以添加强化所需的材料。","点击这里，就可以添加强化所需的材料。","点击这里，就可以添加强化所需的材料。",O
,"17006","JAP","방금 싸움이 우리에게 필요한 소재를 얻었습니다!","刚刚的战斗正好获得了我们所需的素材！","刚刚的战斗正好获得了我们所需的素材！","刚刚的战斗正好获得了我们所需的素材！",O
,"17007","JAP","재료가 선택되었습니다.\n그럼 자료 확인 부탁드려요.","材料已经选择，\n那么，请您确认材料吧。","材料已经选择，\n那么，请您确认材料吧。","材料已经选择，\n那么，请您确认材料吧。",O
,"17008","JAP","선택된 소재는 소재란에 표시됩니다.","选好的素材会显示在素材栏内。","选好的素材会显示在素材栏内。","选好的素材会显示在素材栏内。",O
,"17009","JAP","강화 후 전희 능력치에 변화가 생기면\n여기에 뜨는데요.","如果强化后战姬能力值产生变化，\n就会在这里显示。","如果强化后战姬能力值产生变化，\n就会在这里显示。","如果强化后战姬能力值产生变化，\n就会在这里显示。",O
,"17010","JAP","AG 강화에도 일정한 자금이 소요된다.\n이제, 제로넷을 강화합시다!","强化AG也需要消耗一定的资金，\n现在，就让我们来强化零四吧！","强化AG也需要消耗一定的资金，\n现在，就让我们来强化零四吧！","强化AG也需要消耗一定的资金，\n现在，就让我们来强化零四吧！",O
,"17011","JAP","'여우' 04 강화 성공!\n지휘관이 AG를 강하게 만들고 싶다면 그들을 많이 보강해야 한다는 것을 기억하라.","「狐狸」零四强化成功！\n如果指挥官想让AG变强，记得要多多强化她们哦！","「狐狸」零四强化成功！\n如果指挥官想让AG变强，记得要多多强化她们哦！","「狐狸」零四强化成功！\n如果指挥官想让AG变强，记得要多多强化她们哦！",O
,"17013","JAP","여우 제로 넷째 준비 완료!\n지휘관은 지금 그녀를 대열로 편입시키자.","「狐狸」零四已经准备就绪！\n指挥官现在就将她编入队伍吧。","「狐狸」零四已经准备就绪！\n指挥官现在就将她编入队伍吧。","「狐狸」零四已经准备就绪！\n指挥官现在就将她编入队伍吧。",O
,"18001","JAP","지휘관님, AG의 기술 레벨을 높이기 위해서는 '데이터 수집'을 통해 '기술 키'를 획득해야 합니다.","指挥官，为了提升AG的科技等级，我们需要通过“数据采集”来获取“科技密钥”。","指挥官，为了提升AG的科技等级，我们需要通过“数据采集”来获取“科技密钥”。","指挥官，为了提升AG的科技等级，我们需要通过“数据采集”来获取“科技密钥”。",O
,"18002","JAP","'데이터 수집'을 하려면 주 관제 플랫폼에서 '행 작전'을 선택해야 한다.","进行“数据采集”，必须在主控平台上选择“前往作战”。","进行“数据采集”，必须在主控平台上选择“前往作战”。","进行“数据采集”，必须在主控平台上选择“前往作战”。",O
,"18003","JAP","'데이터 수집'에는 AG테크놀로지 등급 상향에 필요한 재료가 담길 예정이다.","“数据采集”将包含AG科技等级提升的必要材料。","“数据采集”将包含AG科技等级提升的必要材料。","“数据采集”将包含AG科技等级提升的必要材料。",O
,"18004","JAP","각 관문마다 얻을 수 있는 재료의 종류가 다릅니다.\n필요에 따라 해당 관문을 선택할 수 있습니다.","每种关卡可以获得的材料种类不同，\n您可以根据需求选择对应关卡。","每种关卡可以获得的材料种类不同，\n您可以根据需求选择对应关卡。","每种关卡可以获得的材料种类不同，\n您可以根据需求选择对应关卡。",O
,"18005","JAP","채집 과정에서 더 강한 적을 소멸시킨다면\n더 높은 수준의 '과학 연구 키'도 얻을 수 있다.","如果在采集过程中消灭了更强的敌人，\n还可以获得更高级别的“科研密钥”哦！","如果在采集过程中消灭了更强的敌人，\n还可以获得更高级别的“科研密钥”哦！","如果在采集过程中消灭了更强的敌人，\n还可以获得更高级别的“科研密钥”哦！",O
,"19001","JAP","지휘관님, 우리는 새로운 미지의 영역을 발견했습니다!\n작전 인터페이스로 가세요!","指挥官，我们发现了新的未知领域！\n请前往作战界面！","指挥官，我们发现了新的未知领域！\n请前往作战界面！","指挥官，我们发现了新的未知领域！\n请前往作战界面！",O
,"19002","JAP","'회색의 낙하'를 통해 미지의 영역으로 들어가고,\n우리는 아마도 유용한 물자를 탐색할 수 있을 것이다!","通过“灰地空降”进入未知领域，\n我们或许能探索到有用的物资！","通过“灰地空降”进入未知领域，\n我们或许能探索到有用的物资！","通过“灰地空降”进入未知领域，\n我们或许能探索到有用的物资！",O
,"19003","JAP","지금 우리는 여러 개의 미지의 영역을 발견했습니다.\n일단 이쪽으로 가볼게요!","现在我们发现了多块未知领域，\n先去这边查看一下吧！","现在我们发现了多块未知领域，\n先去这边查看一下吧！","现在我们发现了多块未知领域，\n先去这边查看一下吧！",O
,"19004","JAP","지역 제한 때문에 들어갈 때마다 '조사 허가서'를 써야 한다.\n걱정 마세요, 제가 이미 이번 허가서를 준비해 놓았습니다!","由于区域限制，每次进入都需要使用“调查许可证”\n不用担心，我已经替您准备好这次的许可了！","由于区域限制，每次进入都需要使用“调查许可证”\n不用担心，我已经替您准备好这次的许可了！","由于区域限制，每次进入都需要使用“调查许可证”\n不用担心，我已经替您准备好这次的许可了！",O
,"19005","JAP","그러면 이 소대를 이용해서 알아보도록 하겠습니다.\n'작전으로 가기'를 클릭해 즉시 이 지역으로 진입하라!","那么，我们就使用这个小队去查看吧，\n点击“前往作战”，立即进入这块区域！","那么，我们就使用这个小队去查看吧，\n点击“前往作战”，立即进入这块区域！","那么，我们就使用这个小队去查看吧，\n点击“前往作战”，立即进入这块区域！",O
,"20001","JAP","여기가 바로 미지의 영역입니다. 이전에 수행했던 임무와 다른 것 같습니다!\n지휘관은 관련 사항을 알아봐야 할까.","这里就是未知领域了，似乎与之前执行的任务不太一样呢！\n指挥官需要了解一下相关事项吗？","这里就是未知领域了，似乎与之前执行的任务不太一样呢！\n指挥官需要了解一下相关事项吗？","这里就是未知领域了，似乎与之前执行的任务不太一样呢！\n指挥官需要了解一下相关事项吗？",O
,"20002","JAP","'회반던지기'는 탐험과도 같다.\n우리는 이 넓은 구역에서 각종 물자를 수집할 수 있다.","“灰地空降”就像探险一样，\n我们可以在这个广阔的区域里搜集各种物资。","“灰地空降”就像探险一样，\n我们可以在这个广阔的区域里搜集各种物资。","“灰地空降”就像探险一样，\n我们可以在这个广阔的区域里搜集各种物资。",O
,"20003","JAP","검색할 수 있는 물자에는 우수한 장비가 포함되어 있다.\n'구시대 동전'을 얻을 수도 있습니다.","能搜索到的物资里包含优良的装备，\n也有可能获得“旧时代硬币”哦。","能搜索到的物资里包含优良的装备，\n也有可能获得“旧时代硬币”哦。","能搜索到的物资里包含优良的装备，\n也有可能获得“旧时代硬币”哦。",O
,"20004","JAP","하지만 여기에도 많은 수의 적이 존재합니다.\n그리고 깊은 곳으로 갈수록 적은 점점 더 강해질 것이다!","不过这里也存在着大量的敌人，\n而且越往深处，敌人也会越来越强！","不过这里也存在着大量的敌人，\n而且越往深处，敌人也会越来越强！","不过这里也存在着大量的敌人，\n而且越往深处，敌人也会越来越强！",O
,"20005","JAP","위험과 수익이 공존한다!지휘관은 지도를 잘 이용하라.\n작전 루트를 합리적으로 배치하라!","危险与收益并存！请指挥官利用好地图，\n合理安排作战路线！","危险与收益并存！请指挥官利用好地图，\n合理安排作战路线！","危险与收益并存！请指挥官利用好地图，\n合理安排作战路线！",O
,"21001","JAP","지휘관, 앞길은 없지만 아래로 내려갈 수 있을 것 같아요!\n화면을 아래로 내려와 소대를 지휘하며 계속 전진하라!","指挥官，前方已经没有路了，但似乎可以向下移动！\n向下滑动屏幕，指挥小队继续前进吧！","指挥官，前方已经没有路了，但似乎可以向下移动！\n向下滑动屏幕，指挥小队继续前进吧！","指挥官，前方已经没有路了，但似乎可以向下移动！\n向下滑动屏幕，指挥小队继续前进吧！",O
,"22001","JAP","접전지점에 도착하라! 우리는 각 구역마다 접전지점을 여러 개 배치했다.\n“수송기”를 클릭하면, 이미 수집된 물자를 휴대하고 접점에서 기함으로 돌아갈 수 있습니다!","到达接应地点！我们在每个区域中布置了多个接应地点，\n点击“运输机”，就可以携带已搜集到的物资在接应点返回旗舰哦！","到达接应地点！我们在每个区域中布置了多个接应地点，\n点击“运输机”，就可以携带已搜集到的物资在接应点返回旗舰哦！","到达接应地点！我们在每个区域中布置了多个接应地点，\n点击“运输机”，就可以携带已搜集到的物资在接应点返回旗舰哦！",O
,"22002","JAP","또한 우리는 이미 알려진 모든 접전지 사이에서 빠르게 이동할 수 있다.\n원하신다면 왼쪽 상단에 있는 지도를 클릭하여 실행하십시오!","另外，我们还可以在所有已知的接应地点之间快速移动，\n如果您有需要，就点开左上角的地图并进行操作吧！","另外，我们还可以在所有已知的接应地点之间快速移动，\n如果您有需要，就点开左上角的地图并进行操作吧！","另外，我们还可以在所有已知的接应地点之间快速移动，\n如果您有需要，就点开左上角的地图并进行操作吧！",O
,"23001","JAP","지휘관님, 전방 이 장치는 길을 막는 장벽과 관련이 있는 것 같습니다!\n장치를 클릭해서 조작해 보세요!","指挥官，前方这个装置似乎跟那些封住去路的屏障有关！\n点击装置，操作一下试试吧！","指挥官，前方这个装置似乎跟那些封住去路的屏障有关！\n点击装置，操作一下试试吧！","指挥官，前方这个装置似乎跟那些封住去路的屏障有关！\n点击装置，操作一下试试吧！",O
,"24001","JAP","지휘관, 장비 연구 연구 연구 실험실은 이미 개방되었다.\n우리 빨리 가보자!","指挥官，装备研制实验室已经开放了，\n我们快去看看吧！","指挥官，装备研制实验室已经开放了，\n我们快去看看吧！","指挥官，装备研制实验室已经开放了，\n我们快去看看吧！",O
,"24002","JAP","장비를 연구 제작하려면 제작 재료와 일정한 자금을 소모해야 한다.\n제작 재료는 '표적 섬멸'에서 얻을 수 있다.","研制装备需要消耗制作材料和一定的资金，\n而制作材料可以在“目标歼灭”中获得。","研制装备需要消耗制作材料和一定的资金，\n而制作材料可以在“目标歼灭”中获得。","研制装备需要消耗制作材料和一定的资金，\n而制作材料可以在“目标歼灭”中获得。",O
,"24003","JAP","나타날 수 있는 세트 속성이 표시됩니다.\n세트마다 나타나는 세트 속성이 다를 수 있습니다!","这里会显示可能会出现的套装属性，\n每种套装会出现的套装属性会有不同！","这里会显示可能会出现的套装属性，\n每种套装会出现的套装属性会有不同！","这里会显示可能会出现的套装属性，\n每种套装会出现的套装属性会有不同！",O
,"24004","JAP","퀄리티 높은 장비를 만드려면 많은 시간이 걸릴 수 있습니다.\n하지만 노력은 함대를 더욱 강하게 만들 수 있다!","想做出高质量的装备可能会花费很多时间，\n但是只要付出就有收获，我们的努力能让舰队变得更强！","想做出高质量的装备可能会花费很多时间，\n但是只要付出就有收获，我们的努力能让舰队变得更强！","想做出高质量的装备可能会花费很多时间，\n但是只要付出就有收获，我们的努力能让舰队变得更强！",O
,"24005","JAP","이제 한번 해볼까요?\n'R&D' 클릭, 무기 만들기!","现在就让我们试试看吧？\n点击“研发”，打造一把武器！","现在就让我们试试看吧？\n点击“研发”，打造一把武器！","现在就让我们试试看吧？\n点击“研发”，打造一把武器！",O
,"24006","JAP","와! 우리 성공했어!\nR&D 기능을 잘 활용하면 우리도 AG들과 어깨를 나란히 할 수 있다.","哇！我们成功了！\n利用好研发功能，我们也可以和AG们并肩作战。","哇！我们成功了！\n利用好研发功能，我们也可以和AG们并肩作战。","哇！我们成功了！\n利用好研发功能，我们也可以和AG们并肩作战。",O
,"24007","JAP","앞으로 AG들은 더 강한 적을 상대하게 될 것입니다.\n저희도 더 강력한 장비를 준비해야죠!","以后AG们还会面对更强大的敌人，\n我们也要替她们准备更强大的装备哦！","以后AG们还会面对更强大的敌人，\n我们也要替她们准备更强大的装备哦！","以后AG们还会面对更强大的敌人，\n我们也要替她们准备更强大的装备哦！",O
,"25001","JAP","전술에 따라 다양한 효과를 비축할 수 있는 세트가 필요하다.\n이 장비들은 목표물 섬멸에서 얻을 수 있다.","为了搭配不同的战术，需要储备多种效果的套装。\n这些装备可以在“目标歼灭”中获取。","为了搭配不同的战术，需要储备多种效果的套装。\n这些装备可以在“目标歼灭”中获取。","为了搭配不同的战术，需要储备多种效果的套装。\n这些装备可以在“目标歼灭”中获取。",O
,"25002","JAP","'표적 섬멸'은 작전 경계면을 통해 진입할 수 있다.","“目标歼灭”可以通过作战界面中进入。","“目标歼灭”可以通过作战界面中进入。","“目标歼灭”可以通过作战界面中进入。",O
,"25003","JAP","각종 장비를 확보할 수 있는 '표적 섬멸'이 바로 여기에 있다.","能够获得各种装备的“目标歼灭”就在这里。","能够获得各种装备的“目标歼灭”就在这里。","能够获得各种装备的“目标歼灭”就在这里。",O
,"25004","JAP","목표에 따라 얻을 수 있는 전리품도 다르다.\n출발하기 전에 목표를 확인하세요!","战胜不同目标，可以获得的战利品也不同。\n请在出发前确认好目标吧！","战胜不同目标，可以获得的战利品也不同。\n请在出发前确认好目标吧！","战胜不同目标，可以获得的战利品也不同。\n请在出发前确认好目标吧！",O
,"25005","JAP","지금 바로 '응낙의 땅'에 들어가 보시죠!","现在就进入“应许之地”看一看吧！","现在就进入“应许之地”看一看吧！","现在就进入“应许之地”看一看吧！",O
,"25006","JAP","목표물 섬멸은 여러 단계로 나뉜다.\n더 높은 단계의 관문을 완성하면 더 높은 품질의 장비를 얻을 수 있다.","“目标歼灭”分为多个阶段，\n完成更高阶段的关卡就能获得更高质量的装备。","“目标歼灭”分为多个阶段，\n完成更高阶段的关卡就能获得更高质量的装备。","“目标歼灭”分为多个阶段，\n完成更高阶段的关卡就能获得更高质量的装备。",O
,"25007","JAP","단계가 올라갈수록 적은 더욱 강해진다!제대로 된 전술을 짜야 한다!\n그래서 '적 정보'가 중요하니 살펴봐라!","阶段越高，敌人越强！必须制定合适的战术！\n所以“敌方情报”非常重要，记得查看哦！","阶段越高，敌人越强！必须制定合适的战术！\n所以“敌方情报”非常重要，记得查看哦！","阶段越高，敌人越强！必须制定合适的战术！\n所以“敌方情报”非常重要，记得查看哦！",O
,"26001","JAP","유니온의 지휘관님, 급한 일이 있어서 꼭 부탁드리겠습니다.\n저와 함께 작전 설명실로 가 주세요.","「纽带」的指挥官，我有急事必须拜托你，\n请和我前往作战说明室。","「纽带」的指挥官，我有急事必须拜托你，\n请和我前往作战说明室。","「纽带」的指挥官，我有急事必须拜托你，\n请和我前往作战说明室。",O
,"26002","JAP","제가 '유니온'에 가입하는 조건의 하나로,\n당신은 나의 의뢰를 받아 '열융균열'이라는 장소를 조사해야 합니다.","作为我加入「纽带」的条件之一，\n你需要接受我的委托，调查一个名为“热熔裂缝”的地点。","作为我加入「纽带」的条件之一，\n你需要接受我的委托，调查一个名为“热熔裂缝”的地点。","作为我加入「纽带」的条件之一，\n你需要接受我的委托，调查一个名为“热熔裂缝”的地点。",O
,"26003","JAP","열융균열은 대량의 괴뢰들에게 점령당한 거점이다.\n감염원을 정확히 모르기 때문에 괴뢰 무리를 단시간에 섬멸해도\n시간이 지나면 내부는 다시 원래대로 돌아온다.","“热熔裂缝”是被大量傀儡占领的据点。\n因为不清楚感染源，所以即使短时间歼灭了傀儡群，\n经过一段时间后内部又会恢复成原来的样子。","“热熔裂缝”是被大量傀儡占领的据点。\n因为不清楚感染源，所以即使短时间歼灭了傀儡群，\n经过一段时间后内部又会恢复成原来的样子。","“热熔裂缝”是被大量傀儡占领的据点。\n因为不清楚感染源，所以即使短时间歼灭了傀儡群，\n经过一段时间后内部又会恢复成原来的样子。",O
,"26004","JAP","끊임없이 아래층으로 잠입해야만 진실을 알 수 있다.\n당신들만이 '고리'를 완성할 수 있습니다. 도와주세요...\n당신은 내가 현재도 '유니온'의 일원이기 때문에 이것은 당연한 것이라고 말합니까?나는…하지만 인정받을 줄 모른다.","只有通过不断潜入下层，才可能探知真相。\n只有你们「纽带」能够完成，请协助我……\n你说我现在也是「纽带」的一员，所以这是应该的？我……可不会领情。","只有通过不断潜入下层，才可能探知真相。\n只有你们「纽带」能够完成，请协助我……\n你说我现在也是「纽带」的一员，所以这是应该的？我……可不会领情。","只有通过不断潜入下层，才可能探知真相。\n只有你们「纽带」能够完成，请协助我……\n你说我现在也是「纽带」的一员，所以这是应该的？我……可不会领情。",O
,"27001","JAP","지휘관님, 저희 AG 모집 시스템은 이미 복구되었습니다.\n'모집' 버튼을 눌러 작전단위를 보충하세요!","指挥官，我们的AG招募系统已经修复完毕了。\n请您点击“招募”按键，补充作战单位吧！","指挥官，我们的AG招募系统已经修复完毕了。\n请您点击“招募”按键，补充作战单位吧！","指挥官，我们的AG招募系统已经修复完毕了。\n请您点击“招募”按键，补充作战单位吧！",O
,"27002","JAP","여기서 'AG임용허가'로 AG를 모집할 수 있습니다!\n일을 늦출 수 없으니, 우리 즉시 시험해 봅시다.","在这里可以使用“AG任用许可”招募AG！\n事不宜迟，我们立刻试试吧！","在这里可以使用“AG任用许可”招募AG！\n事不宜迟，我们立刻试试吧！","在这里可以使用“AG任用许可”招募AG！\n事不宜迟，我们立刻试试吧！",O
,"27003","JAP","누군지 모르겠어요?\n클릭해서 결과를 발표하세요!","不知道会是谁呢？\n点击一下，揭晓结果吧！","不知道会是谁呢？\n点击一下，揭晓结果吧！","不知道会是谁呢？\n点击一下，揭晓结果吧！",O
,"27004","JAP","새 멤버 '여우' 04 가입을 환영합니다!\n동행하는 AG가 많을수록 더 많은 전술을 구사할 수 있다.","欢迎新成员「狐狸」零四加入！\n同行的AG越多，就能搭配出更多的战术。","欢迎新成员「狐狸」零四加入！\n同行的AG越多，就能搭配出更多的战术。","欢迎新成员「狐狸」零四加入！\n同行的AG越多，就能搭配出更多的战术。",O
,"27005","JAP","만약 당신이 작전에 어려움을 겪는다면\n더 많은 도우미를 모집하러 오는 거 잊지 마세요!","如果您在作战中遇到了困难，\n别忘了来招募更多的帮手哦！","如果您在作战中遇到了困难，\n别忘了来招募更多的帮手哦！","如果您在作战中遇到了困难，\n别忘了来招募更多的帮手哦！",O
,"28001","JAP","지휘관님, 이 관문은 이미 '대리 작전'을 사용할 수 있습니다.\n제가 설명해 드릴까요?","指挥官，该关卡已经可以使用“代理作战”了。\n您需要我来说明一下吗？","指挥官，该关卡已经可以使用“代理作战”了。\n您需要我来说明一下吗？","指挥官，该关卡已经可以使用“代理作战”了。\n您需要我来说明一下吗？",O
,"28002","JAP","줄거리 작전의 관문 중 삼성만 평가하면\n그러면 관문은 '대리 작전'이다!","在主线剧情的作战关卡中，只要关卡评价达到三星，\n那该关卡就执行“代理作战”！","在主线剧情的作战关卡中，只要关卡评价达到三星，\n那该关卡就执行“代理作战”！","在主线剧情的作战关卡中，只要关卡评价达到三星，\n那该关卡就执行“代理作战”！",O
,"28003","JAP","“대행 작전”은 당신의 필요에 따라 상세하게 설정할 수 있습니다.\n지금 바로 만나보시죠!","“代理作战”可以根据您的需求进行详细设置，\n现在我们就来看一下吧！","“代理作战”可以根据您的需求进行详细设置，\n现在我们就来看一下吧！","“代理作战”可以根据您的需求进行详细设置，\n现在我们就来看一下吧！",O
,"28004","JAP","필요에 따라 “대행 작전” 실행 횟수를 설정할 수 있습니다.\n다른 대리 조건들과!","在这里您可以根据需求设定“代理作战”执行次数，\n和一些其他代理条件！","在这里您可以根据需求设定“代理作战”执行次数，\n和一些其他代理条件！","在这里您可以根据需求设定“代理作战”执行次数，\n和一些其他代理条件！",O
,"28005","JAP","자원을 자동으로 처리할 지 여부를 선택할 수 있습니다.\n자동처리된 자원은 되찾을 수 없습니다!신중하게 선택하세요!","这里您可以选择是否自动处理获得资源，\n自动处理的资源就不能找回了哦！一定要谨慎选择！","这里您可以选择是否自动处理获得资源，\n自动处理的资源就不能找回了哦！一定要谨慎选择！","这里您可以选择是否自动处理获得资源，\n自动处理的资源就不能找回了哦！一定要谨慎选择！",O
,"28006","JAP","줄거리뿐 아니라 일부 작전 관문도 '대리작전' 지지\n지휘관님, 작전 반복이 필요하시면 '대리 작전'을 해보세요.","除了主线剧情，一部分作战关卡也支持“代理作战”\n指挥官您若需要重复作战时，就请尝试“代理作战”吧！","除了主线剧情，一部分作战关卡也支持“代理作战”\n指挥官您若需要重复作战时，就请尝试“代理作战”吧！","除了主线剧情，一部分作战关卡也支持“代理作战”\n指挥官您若需要重复作战时，就请尝试“代理作战”吧！",O
,"29000","JAP","지휘관, 함대 관리 시스템은 이미 복구되었습니다!\n해당 기능에 대해 제가 안내해 드릴까요?",,"指挥官，舰队管理系统已经修复完毕了！\n需要我带您了解一下相关功能吗？","指挥官，舰队管理系统已经修复完毕了！\n需要我带您了解一下相关功能吗？",O
,"29001","JAP","여기를 클릭해서 함대로 들어가세요.","指挥官，舰队管理系统已经修复完毕了！","请点击这里进入舰队","请点击这里进入舰队",O
,"29002","JAP","여기서 우리는 각 기능을 담당하는 함선을 볼 수 있다.\n모든 함선은 각자의 기능을 가지고 있다!","这里我们可以看到负责各个功能的舰船，\n每支舰船有各自的功能！","这里我们可以看到负责各个功能的舰船，\n每支舰船有各自的功能！","这里我们可以看到负责各个功能的舰船，\n每支舰船有各自的功能！",O
,"29003","JAP","먼저, 먼저 오트란데호의 주요 지역으로 갑시다!","首先，先前往「奥特兰德号」的主要区域吧！","首先，先前往「奥特兰德号」的主要区域吧！","首先，先前往「奥特兰德号」的主要区域吧！",O
,"29004","JAP","모함은 함대원들과 AG들의 주요 생활 구역으로 언제든 전희를 입주시킬 수 있다.","母舰是舰队人员和AG们的主要生活区域，您能够随时让战姬入住。","母舰是舰队人员和AG们的主要生活区域，您能够随时让战姬入住。","母舰是舰队人员和AG们的主要生活区域，您能够随时让战姬入住。",O
,"29005","JAP","전희를 입주시려면 배치 버튼을 눌러야 한다.","如果要安排战姬入住，需要先点击配置按钮。","如果要安排战姬入住，需要先点击配置按钮。","如果要安排战姬入住，需要先点击配置按钮。",O
,"29006","JAP","이곳을 클릭하여 전희를 로비에 입주시오.","点击这里，安排战姬入住大厅。","点击这里，安排战姬入住大厅。","点击这里，安排战姬入住大厅。",O
,"29007","JAP","니오를 로비에 배치해 보세요.","试试把妮欧配置在大厅里。","试试把妮欧配置在大厅里。","试试把妮欧配置在大厅里。",O
,"29008","JAP","설정에 문제가 없습니다. 이제 보여주기 단추를 눌러 저장하세요!","配置已经没问题了，现在请点击展示按钮保存吧！","配置已经没问题了，现在请点击展示按钮保存吧！","配置已经没问题了，现在请点击展示按钮保存吧！",O
,"29009","JAP","되돌리기 버튼을 클릭하여 로비로 돌아가십시오.","请点击返回按钮，回到大厅。","请点击返回按钮，回到大厅。","请点击返回按钮，回到大厅。",O
,"29010","JAP","니오는 이미 로비에 입주해있습니다. 클릭하셔서 인터랙티브를 하거나 선물을 드릴 수 있습니다.","妮欧已经入住大厅了哦，您可以点击她进行互动或是赠送礼物。","妮欧已经入住大厅了哦，您可以点击她进行互动或是赠送礼物。","妮欧已经入住大厅了哦，您可以点击她进行互动或是赠送礼物。",O
,"29011","JAP","선물은 특별한 선물에 사용됩니다. 그리고 선물 받으신다면 여러분께 드릴 수 있습니다. 여러분은 분명 많은 재미있는 반응을 보실 수 있을 것입니다.","赠送礼物会用到特殊的礼品，之后如果您获得了礼品，可以送给大家，大家肯定会有许多有趣的反应哦。","赠送礼物会用到特殊的礼品，之后如果您获得了礼品，可以送给大家，大家肯定会有许多有趣的反应哦。","赠送礼物会用到特殊的礼品，之后如果您获得了礼品，可以送给大家，大家肯定会有许多有趣的反应哦。",O
,"29012","JAP","더 많은 영역의 잠금을 해제하려면 오트란트 호를 업그레이드할 수 있습니다. 매번 새 영역의 잠금을 해제합니다.","如果想要解锁更多的区域，您可以升级「奥特兰德号」号，每次升级都会解锁一个新区域。\n升级舰队所需要的的白银圆币，您可以在各个<color=#0084ff>困难章节最后一关的首通奖励</color>中获得。","如果想要解锁更多的区域，您可以升级「奥特兰德号」号，每次升级都会解锁一个新区域。","如果想要解锁更多的区域，您可以升级「奥特兰德号」号，每次升级都会解锁一个新区域。",O
,"29013","JAP","함대를 업그레이드하는 데 필요한 은화, 당신은 각처에 있습니다.<color=#0084ff>난장절의 마지막 관문의 첫 번째 보상.</color>당첨되다.","请点击购买按钮，购买一件新的家具。","升级舰队所需要的的白银圆币，您可以在各个<color=#0084ff>困难章节最后一关的首通奖励</color>中获得。","升级舰队所需要的的白银圆币，您可以在各个<color=#0084ff>困难章节最后一关的首通奖励</color>中获得。",O
,"29014","JAP","확정 버튼을 누르면 원하는 가구를 살 수 있다.","点击确定按钮即可买下想要的家具。","点击确定按钮即可买下想要的家具。","点击确定按钮即可买下想要的家具。",O
,"29015","JAP","가구 구매가 완료되면,우리는 그것으로 《오트랜드 호》의 생활 구역을 꾸며 봅시다.","家具购买完毕，我们就用它布置一下「奥特兰德号」的生活区吧。","家具购买完毕，我们就用它布置一下「奥特兰德号」的生活区吧。","家具购买完毕，我们就用它布置一下「奥特兰德号」的生活区吧。",O
,"29016","JAP","우선 인테리어 모드에 들어가야 한다.","首先需要进入装修模式。","首先需要进入装修模式。","首先需要进入装修模式。",O
,"29017","JAP","인테리어 모드 하시면 인테리어 가능한 지역이 밝아집니다.\n우리는 먼저 판매기의 변경을 시도해 봅시다.","装修模式下，可装修的区域会高亮，\n我们先尝试改变一下售货机。","装修模式下，可装修的区域会高亮，\n我们先尝试改变一下售货机。","装修模式下，可装修的区域会高亮，\n我们先尝试改变一下售货机。",O
,"29018","JAP","교환 버튼을 클릭하여 판매기 교체를 시작합니다.","点击更换按钮，开始更换售货机。","点击更换按钮，开始更换售货机。","点击更换按钮，开始更换售货机。",O
,"29019","JAP","설정 버튼을 눌러서 판매기를 우리가 방금 구매한 빨간 판매기로 교체하세요.","点击设置按钮，把售货机更换为我们刚才购买的红色售货机。","点击设置按钮，把售货机更换为我们刚才购买的红色售货机。","点击设置按钮，把售货机更换为我们刚才购买的红色售货机。",O
,"29020","JAP","확정을 클릭하여 교환이 진행되는 것을 확인합니다.","点击确定，确认进行更换。","点击确定，确认进行更换。","点击确定，确认进行更换。",O
,"29021","JAP","이렇게 해서 판매기의 교체가 완료되었다.\n이후 다른 구역의 인테리어를 스스로 조정해 보시기 바랍니다.","这样，售货机的更换就完成了，\n之后请您尝试自行调整其它区域的装修。","这样，售货机的更换就完成了，\n之后请您尝试自行调整其它区域的装修。","这样，售货机的更换就完成了，\n之后请您尝试自行调整其它区域的装修。",O
,"30001","JAP","지휘관, 보급함도 이미 준비되어 있다.\n해당 기능에 대해 제가 안내해 드릴까요?","指挥官，补给舰也已经准备就绪，\n需要我带您了解一下相关功能吗？","指挥官，补给舰也已经准备就绪，\n需要我带您了解一下相关功能吗？","指挥官，补给舰也已经准备就绪，\n需要我带您了解一下相关功能吗？",O
,"30002","JAP","여기를 클릭해서 보급함으로 들어가세요.","请点击这里进入补给舰","请点击这里进入补给舰","请点击这里进入补给舰",O
,"30003","JAP","보급함에서는 지속적으로 자원을 생산할 것이다.\n환전한 가상화폐를 전 세계적으로 유통 가능한 실물 자금으로 바꿔 저장한다.","补给舰中会持续生产资源，\n并将兑换的虚拟货币变换为可全世界流通的实体资金储存。","补给舰中会持续生产资源，\n并将兑换的虚拟货币变换为可全世界流通的实体资金储存。","补给舰中会持续生产资源，\n并将兑换的虚拟货币变换为可全世界流通的实体资金储存。",O
,"30004","JAP","보급함의 작동상황은 여기에 전시된다.\n언제든지 확인하실 수 있습니다","补给舰的运转情况会展示在这里，\n您可以随时确认","补给舰的运转情况会展示在这里，\n您可以随时确认","补给舰的运转情况会展示在这里，\n您可以随时确认",O
,"30005","JAP","보급함에 축적된 자금에는 상한선이 있다.\n상한선에 도달하기 전에, 즉시 수령하십시오.","补给舰中积累的资金有上限，\n请在到达上限前，及时领取出来","补给舰中积累的资金有上限，\n请在到达上限前，及时领取出来","补给舰中积累的资金有上限，\n请在到达上限前，及时领取出来",O
,"30006","JAP","보급함의 업그레이드를 통해 보급할 수 있습니다.\n자금의 취득속도와 상한선을 높이다.","您可以通过升级补给舰，\n提升资金的获取速度与上限","您可以通过升级补给舰，\n提升资金的获取速度与上限","您可以通过升级补给舰，\n提升资金的获取速度与上限",O
,"30007","JAP","지휘관님, 그 다음 시간에 맞춰 자원 받는 거 잊지 마세요.","指挥官，之后别忘了按时收取资源啊！","指挥官，之后别忘了按时收取资源啊！","指挥官，之后别忘了按时收取资源啊！",O
,"31001","JAP","지휘관, 함대 계통의 군비함은 이미 준비가 끝났다.\n우리 가보자!","指挥官，舰队系统的军备舰已经准备就绪，\n我们去看看吧！","指挥官，舰队系统的军备舰已经准备就绪，\n我们去看看吧！","指挥官，舰队系统的军备舰已经准备就绪，\n我们去看看吧！",O
,"31002","JAP","군비함은 여기를 클릭해서 들어오세요.","军备舰请点击这里进入。","军备舰请点击这里进入。","军备舰请点击这里进入。",O
,"31003","JAP","군비함에서는 캣볼을 지속적으로 조립해 창고에 저장한다.","军备舰中会持续组装猫球，并储存在仓库中。","军备舰中会持续组装猫球，并储存在仓库中。","军备舰中会持续组装猫球，并储存在仓库中。",O
,"31004","JAP","군비함의 작동 상황은 이곳으로 전시돼 있어 언제든 확인할 수 있다.","军备舰的运转情况会展示在这里，您可以随时确认。","军备舰的运转情况会展示在这里，您可以随时确认。","军备舰的运转情况会展示在这里，您可以随时确认。",O
,"31005","JAP","군비함에 저장할 수 있는 캣볼의 수량에는 상한선이 있다.\n상한선에 도달하기 전에 즉시 수령해 주세요.","军备舰中能储存的猫球数量有上限，\n请在到达上限前，及时领取出来。","军备舰中能储存的猫球数量有上限，\n请在到达上限前，及时领取出来。","军备舰中能储存的猫球数量有上限，\n请在到达上限前，及时领取出来。",O
,"31006","JAP","군비함의 업그레이드를 통해 캣볼의 생산속도와 상한선을 높일 수 있다.","您可以通过升级军备舰，提升猫球的生产速度与上限。","您可以通过升级军备舰，提升猫球的生产速度与上限。","您可以通过升级军备舰，提升猫球的生产速度与上限。",O
,"31007","JAP","지휘관님, 그 다음 시간에 맞춰 자원 받는 거 잊지 마세요.","指挥官，之后别忘了按时收取资源啊！","指挥官，之后别忘了按时收取资源啊！","指挥官，之后别忘了按时收取资源啊！",O
,"32001","JAP","우두머리와 맞닥뜨리다\n그것들은 일반적인 엘리트 괴뢰들보다 더욱 강대하고, 면역기능 부가효과도 있다.","指挥官，前方遭遇敌方头目，\n它们比一般的精英傀儡更加强大，并且可以免疫技能附加效果","指挥官，前方遭遇敌方头目，\n它们比一般的精英傀儡更加强大，并且可以免疫技能附加效果","指挥官，前方遭遇敌方头目，\n它们比一般的精英傀儡更加强大，并且可以免疫技能附加效果",O
,"32002","JAP","두목의 기능을 주목해야 하는 것 외에는\n당신은 두목의 핏대를 클릭하여, 이 두목의 면역 효과를 볼 수 있습니다.","除了需要关注头目的技能外，\n您可以点击头目的血条，查看该头目的免疫效果","除了需要关注头目的技能外，\n您可以点击头目的血条，查看该头目的免疫效果","除了需要关注头目的技能外，\n您可以点击头目的血条，查看该头目的免疫效果",O
,"32003","JAP","여기에는 두목의 모든 면역효과가 보여집니다.\n그 이후의 전투는 두목의 면역효과에 유의하여 공략방식을 합리적으로 계획하라.","这里会展示头目所有的免疫效果，\n之后的战斗请注意头目的免疫效果，合理规划攻略方式。","这里会展示头目所有的免疫效果，\n之后的战斗请注意头目的免疫效果，合理规划攻略方式。","这里会展示头目所有的免疫效果，\n之后的战斗请注意头目的免疫效果，合理规划攻略方式。",O
,"32004","JAP","그러면 전투를 지휘해 주세요!","那么请开始指挥战斗吧！","那么请开始指挥战斗吧！","那么请开始指挥战斗吧！",O
,"33001","JAP","지휘관, 지원소대가 도착했습니다.\n지금 당신의 부서를 기다리고 있으니 저를 따라오십시오.","指挥官，支援小队已经到达，\n正在等待您的部署，请随我来。","指挥官，支援小队已经到达，\n正在等待您的部署，请随我来。","指挥官，支援小队已经到达，\n正在等待您的部署，请随我来。",O
,"33002","JAP","지원 설정을 통해 전술 지원을 설정할 수 있습니다.","您可以通过支援配置，设置战术支援","您可以通过支援配置，设置战术支援","您可以通过支援配置，设置战术支援",O
,"33003","JAP","각 팀마다 세 가지 전술 지원을 배치할 수 있다.\n그들은 각각 포격 지원, 공중 지원, 설비 배치이다.","每个队伍可以配置三种战术支援，\n他们分别是炮击支援、空中支援、设备部署","每个队伍可以配置三种战术支援，\n他们分别是炮击支援、空中支援、设备部署","每个队伍可以配置三种战术支援，\n他们分别是炮击支援、空中支援、设备部署",O
,"33004","JAP","포격지원지령은 후방에 배치된 지원전희를 명령한다.\n즉각 전장에 대한 효과가 각기 다른 포격 지원.","炮击支援指令会命令后方部署的支援战姬\n即刻对战场发动效果各异的炮击支援","炮击支援指令会命令后方部署的支援战姬\n即刻对战场发动效果各异的炮击支援","炮击支援指令会命令后方部署的支援战姬\n即刻对战场发动效果各异的炮击支援",O
,"33005","JAP","공중지원지령회는 지원전희를 전쟁터 상공으로 진입시켜 일정 기간 머물도록 명령했다.\n우리측 전희에게 수 라운드의 화력 지원과 공격 증대 효과를 제공하다.","空中支援指令会命令支援战姬进入战场上空并悬停一段时间，\n为我方战姬提供数回合的火力支援和攻击增益效果","空中支援指令会命令支援战姬进入战场上空并悬停一段时间，\n为我方战姬提供数回合的火力支援和攻击增益效果","空中支援指令会命令支援战姬进入战场上空并悬停一段时间，\n为我方战姬提供数回合的火力支援和攻击增益效果",O
,"33006","JAP","설비 배치 지령은 모함에게 지원 설비를 투하하도록 명령한다.\n적의 화력을 끌어들이거나 우리측 전희에게 몇 라운드의 방어 효과를 제공할 수 있다.","设备部署指令会命令母舰投下支援设备，\n能吸引敌方火力或者为我方战姬提供数回合的防御增益效果","设备部署指令会命令母舰投下支援设备，\n能吸引敌方火力或者为我方战姬提供数回合的防御增益效果","设备部署指令会命令母舰投下支援设备，\n能吸引敌方火力或者为我方战姬提供数回合的防御增益效果",O
,"33007","JAP","이제 공중 지원 지령에 사용할 지원 전희를 먼저 배치하라.","现在，请先部署空中支援指令使用的支援战姬","现在，请先部署空中支援指令使用的支援战姬","现在，请先部署空中支援指令使用的支援战姬",O
,"33008","JAP","라일라는 공격력과 폭격률을 높이는 효과를 제공한다.\n그녀를 공중 지원란에 배치하세요.","蕾拉可以为我方提供攻击力和暴击率提升的增益效果，\n请把她配置到空中支援栏中","蕾拉可以为我方提供攻击力和暴击率提升的增益效果，\n请把她配置到空中支援栏中","蕾拉可以为我方提供攻击力和暴击率提升的增益效果，\n请把她配置到空中支援栏中",O
,"33009","JAP","공중지원 설치 완료,\n다음은 포격지원과 설비배치를 알아서 해 주세요.","空中支援设置完毕，\n接下来请您自行设置炮击支援和设备部署吧。","空中支援设置完毕，\n接下来请您自行设置炮击支援和设备部署吧。","空中支援设置完毕，\n接下来请您自行设置炮击支援和设备部署吧。",O
,"34001","JAP","지휘관, 전술지원 시스템은 이미 전투에서 사용할 수 있으니 한번 해보세요.","指挥官，战术支援系统已经可以在战斗中使用，请试试看吧","指挥官，战术支援系统已经可以在战斗中使用，请试试看吧","指挥官，战术支援系统已经可以在战斗中使用，请试试看吧",O
,"34002","JAP","먼저 컨트롤 패널을 열어주세요.","首先，请打开操控面板。","首先，请打开操控面板。","首先，请打开操控面板。",O
,"34003","JAP","매번 지원 호출에 “전술 포인트”가 소모해야 한다.\n우리 측은 움직일 때마다 일정한 '전술 포인트'를 쌓을 수 있다.","每次呼叫支援需要消耗“战术点”，\n我方每次行动时可以积攒一定“战术点”","每次呼叫支援需要消耗“战术点”，\n我方每次行动时可以积攒一定“战术点”","每次呼叫支援需要消耗“战术点”，\n我方每次行动时可以积攒一定“战术点”",O
,"34004","JAP","현재 “전술 포인트”는 이미 최대치에 이르렀다.\n호출지원 전투에 가세하라!","当前“战术点”已达最大值，\n呼叫支援加入战斗吧！","当前“战术点”已达最大值，\n呼叫支援加入战斗吧！","当前“战术点”已达最大值，\n呼叫支援加入战斗吧！",O
,"35001","JAP","지휘관님, 우리는 대량의 자원이 모여 있는 것을 감지했습니다.\n제가 한 번 살펴보겠습니다!","指挥官，我们检测到有大量资源聚集，\n请随我来查看一下！","指挥官，我们检测到有大量资源聚集，\n请随我来查看一下！","指挥官，我们检测到有大量资源聚集，\n请随我来查看一下！",O
,"35002","JAP","이러한 자원 집합지는 “자원 획득” 패널에 있다.","这些资源聚集地就在“资源获取”面板中","这些资源聚集地就在“资源获取”面板中","这些资源聚集地就在“资源获取”面板中",O
,"35003","JAP","캣볼이 많이 움직이는 것을 감지했습니다.\n우리는 포획을 시도할 수 있다!","此处检测到有大量猫球活动，\n我们可以尝试进行捕获！","此处检测到有大量猫球活动，\n我们可以尝试进行捕获！","此处检测到有大量猫球活动，\n我们可以尝试进行捕获！",O
,"35004","JAP","여기에 도전할 수 있는 상금 과업이 있다.\n통관 장려금 임무는 자금을 얻을 수 있다.","此处有可以挑战的赏金任务，\n通关赏金任务可以获得资金","此处有可以挑战的赏金任务，\n通关赏金任务可以获得资金","此处有可以挑战的赏金任务，\n通关赏金任务可以获得资金",O
,"35005","JAP","이 몇 가지 자원은 아군의 전력 향상에 없어서는 안 될 자원이다.\n지휘관은 매일 한 번씩 수사하러 가는 것을 기억한다.","此处有可以挑战的赏金任务，\n通关赏金任务可以获得资金","这几种资源是我军提升战力不可或缺的资源，\n指挥官记得每天都要前去搜查一番!","此处有可以挑战的赏金任务，\n通关赏金任务可以获得资金",O
,"35006","CN","이 몇 가지 자원은 아군의 전력 향상에 없어서는 안 될 자원이다.\n지휘관은 매일 한 번씩 수사하러 가는 것을 기억한다.","这几种资源是我军提升战力不可或缺的资源，\n指挥官记得每天都要前去搜查一番!",,"这几种资源是我军提升战力不可或缺的资源，\n指挥官记得每天都要前去搜查一番!",O
,"36001","JAP","지휘관,정보에 의하면 오염된 지역에서 많은 수의 우군이 고립되고 이성을 잃었다고 한다.\n당신이 처리해 주셔야 합니다.","指挥官，情报显示，有大量友军在被污染的区域受困并失去理智，\n需要您去处理。","指挥官，情报显示，有大量友军在被污染的区域受困并失去理智，\n需要您去处理。","指挥官，情报显示，有大量友军在被污染的区域受困并失去理智，\n需要您去处理。",O
,"36002","JAP","여기를 클릭하여 이화항로구역으로 들어가십시오.","请点击这里进入异化航点区域。","请点击这里进入异化航点区域。","请点击这里进入异化航点区域。",O
,"36003","JAP","이성을 잃은 5명의 우군이 있습니다.\n이들을 모두 격파한 뒤 다음 항로로 이동할 수 있다.","您需要以航点为单位执行任务，每个航点中有5支失去理智的友军，\n将她们全部击败后，即可前往下一个航点。","您需要以航点为单位执行任务，每个航点中有5支失去理智的友军，\n将她们全部击败后，即可前往下一个航点。","您需要以航点为单位执行任务，每个航点中有5支失去理智的友军，\n将她们全部击败后，即可前往下一个航点。",O
,"36004","JAP","이 구역은 현재 두 부분으로 나뉜다.\n제1부는 선발 부대가 이미 정찰한 10개의 고정 항로이다.\n두 번째 부분은 당신이 스스로 탐색해야 하는 5개의 미지의 운항 노선입니다.","该区域目前分为两个部分，\n第一部分是先遣部队已经侦查过的10个固定航点，\n第二部分是需要您自主探索的5个未知航点","该区域目前分为两个部分，\n第一部分是先遣部队已经侦查过的10个固定航点，\n第二部分是需要您自主探索的5个未知航点","该区域目前分为两个部分，\n第一部分是先遣部队已经侦查过的10个固定航点，\n第二部分是需要您自主探索的5个未知航点",O
,"36005","JAP","이 지역의 오염으로 인해\n각각의 관문은 이화 인자의 영향을 받아 특별한 전투 효과를 낸다.\n서로 다른 이화 요소에 맞춰 대열을 조정하고 더 효과적으로 싸워야 합니다.","由于该区域的污染，\n各个关卡会受到异化因子的影响，产生特殊的战斗效果，\n您需要针对不同的异化因子调整队伍，更有效地进行战斗。","由于该区域的污染，\n各个关卡会受到异化因子的影响，产生特殊的战斗效果，\n您需要针对不同的异化因子调整队伍，更有效地进行战斗。","由于该区域的污染，\n各个关卡会受到异化因子的影响，产生特殊的战斗效果，\n您需要针对不同的异化因子调整队伍，更有效地进行战斗。",O
,"36006","JAP","그리고 7일마다 우리는 다시 각 항로구역을 정리해야 합니다.\n지역마다 이화인자도 다를 수 있다.","另外，每7天我们就需要重新清理各个航点区域，\n每个区域的异化因子也会有所不同。","另外，每7天我们就需要重新清理各个航点区域，\n每个区域的异化因子也会有所不同。","另外，每7天我们就需要重新清理各个航点区域，\n每个区域的异化因子也会有所不同。",O
,"36007","JAP","이 외에도 고정항로에서 발견할 수 있는 곤경에 처한 우군의 유형은 항상 일정하다.\n하지만 알 수 없는 항행의 곤경에 빠진 우군은 그때마다 달라진다.","除此之外，固定航点中能发现的受困友军类型总是固定的，\n但未知航点中的受困友军则每次都会改变。","除此之外，固定航点中能发现的受困友军类型总是固定的，\n但未知航点中的受困友军则每次都会改变。","除此之外，固定航点中能发现的受困友军类型总是固定的，\n但未知航点中的受困友军则每次都会改变。",O
,"36008","JAP","이상, 이화항로에 대한 정보는 설명이 완료되었습니다.\n지휘관에게 오염 상황을 빨리 처리해 달라고 부탁하다.","以上，关于异化航点的信息就说明完毕了，\n请指挥官尽快处理污染情况。","以上，关于异化航点的信息就说明完毕了，\n请指挥官尽快处理污染情况。","以上，关于异化航点的信息就说明完毕了，\n请指挥官尽快处理污染情况。",O
,"37001","JAP","지휘관님, 부대의 실전 능력을 향상시키기 위해\n연습장을 소개해 드리겠습니다.","指挥官，为了提升部队的实战能力，\n我将为您介绍演习场。","指挥官，为了提升部队的实战能力，\n我将为您介绍演习场。","指挥官，为了提升部队的实战能力，\n我将为您介绍演习场。",O
,"37002","JAP","연습장에서 다른 플레이어와 대전하여 '포인트'를 획득할 수 있습니다.","在演习场中，您可以和其它玩家对战，赢取“积分”。","在演习场中，您可以和其它玩家对战，赢取“积分”。","在演习场中，您可以和其它玩家对战，赢取“积分”。",O
,"37003","JAP","연습장에서 다른 플레이어와 대전하여 '포인트'를 획득할 수 있습니다.\n포인트는 연습장에서의 단위를 높여줍니다.","在演习场中，您可以和其它玩家对战，赢取“积分”。\n积分可以提升您在演习场的段位。","在演习场中，您可以和其它玩家对战，赢取“积分”。\n积分可以提升您在演习场的段位。","在演习场中，您可以和其它玩家对战，赢取“积分”。\n积分可以提升您在演习场的段位。",O
,"37004","JAP","“군장”은 각종 인센티브를 매장에서 환전하는 데 사용할 수 있다.","“军章”则可以用于在商店中兑换各种奖励。","“军章”则可以用于在商店中兑换各种奖励。","“军章”则可以用于在商店中兑换各种奖励。",O
,"37005","JAP","게이머와 대전하는 것 외에도 훈련장에 있는 AI와 모의 훈련을 할 수 있다.","除了跟玩家对战外，您还可以与演习场中的AI进行模拟训练。","除了跟玩家对战外，您还可以与演习场中的AI进行模拟训练。","除了跟玩家对战外，您还可以与演习场中的AI进行模拟训练。",O
,"37006","JAP","훈련 모드에서는 포인트를 받을 수 없습니다.","在训练模式中，您无法获得积分。","在训练模式中，您无法获得积分。","在训练模式中，您无法获得积分。",O
,"37007","JAP","주의할 점은,\n각 AI는 패싱 후 유지보수에 시간이 걸린다.\n유지보수가 끝나면 다시 해당 AI와 대전할 수 있다.","需要注意的是，\n每个AI在被击败后都需要花一段时间进行维护，\n在维护结束后您可以再次与该AI进行对战。","需要注意的是，\n每个AI在被击败后都需要花一段时间进行维护，\n在维护结束后您可以再次与该AI进行对战。","需要注意的是，\n每个AI在被击败后都需要花一段时间进行维护，\n在维护结束后您可以再次与该AI进行对战。",O
,"37008","JAP","마지막으로 연습장에서 전투에 참여하기 위해서는 수비 배치가 필요하다.","最后，为了在演习场中参与战斗您需要设置防守配置。","最后，为了在演习场中参与战斗您需要设置防守配置。","最后，为了在演习场中参与战斗您需要设置防守配置。",O
,"37009","JAP","다른 플레이어가 도전하면 설정한 수비 팀이 자동으로 응답합니다.\n수비에 실패하면 포인트가 내려갈 수 있다는 점을 주의하세요.","其它玩家挑战您时，您配置的防守队伍会自动应战。\n请注意，如果您的防守失败了，您的积分会降低。","其它玩家挑战您时，您配置的防守队伍会自动应战。\n请注意，如果您的防守失败了，您的积分会降低。","其它玩家挑战您时，您配置的防守队伍会自动应战。\n请注意，如果您的防守失败了，您的积分会降低。",O
,"37010","JAP","마지막으로, 자동 AI 설정 기능을 사용할 수 있습니다.\n빠른 줄 설정","最后，您可以使用自动AI设置功能，\n快速配置您的队伍","最后，您可以使用自动AI设置功能，\n快速配置您的队伍","最后，您可以使用自动AI设置功能，\n快速配置您的队伍",O
,"37011","JAP","이상, 연습장에 대한 설명은 여기까지입니다.\n자신의 단위를 높이려고 노력하세요. 더 높은 포인트를 목표로 전진하세요!","以上，关于演习场的说明就到此为止了，\n请您努力提高自身段位，以更高的积分为目标前进吧！","以上，关于演习场的说明就到此为止了，\n请您努力提高自身段位，以更高的积分为目标前进吧！","以上，关于演习场的说明就到此为止了，\n请您努力提高自身段位，以更高的积分为目标前进吧！",O
,"38001","JAP","지휘관님, 여기가 바로 장비합성시스템입니다.\n합성 시스템의 기능에 대해 말씀드리겠습니다.","指挥官，这里就是装备合成系统了，\n下面我来为您讲解一下合成系统的功能。","指挥官，这里就是装备合成系统了，\n下面我来为您讲解一下合成系统的功能。","指挥官，这里就是装备合成系统了，\n下面我来为您讲解一下合成系统的功能。",O
,"38002","JAP","장비합성시스템중\n당신은 하나의 주요 장비와 하나의 소재 장비를 사용하여 합성할 수 있다.","装备合成系统中，\n您可以使用一件主要装备和一件素材装备的进行合成","装备合成系统中，\n您可以使用一件主要装备和一件素材装备的进行合成","装备合成系统中，\n您可以使用一件主要装备和一件素材装备的进行合成",O
,"38003","JAP","합성 후 부속성은 주 장비의 부속성을 완전히 교체하게 됩니다.\n또한 소재 장비가 소모될 수 있습니다.","合成后，次要装备的副属性会完全替换掉主要装备的副属性，\n并且会消耗掉素材装备。","合成后，次要装备的副属性会完全替换掉主要装备的副属性，\n并且会消耗掉素材装备。","合成后，次要装备的副属性会完全替换掉主要装备的副属性，\n并且会消耗掉素材装备。",O
,"38004","JAP","장비 합성 시스템을 많이 활용하여 원하는 장비를 만들어 보세요.","请多多利用装备合成系统，打造您理想的装备吧。","请多多利用装备合成系统，打造您理想的装备吧。","请多多利用装备合成系统，打造您理想的装备吧。",O
,"39001","JAP","지휘관님, 혹시 눈치채셨는지 모르겠습니다.\n방금 한 명의 전희가 공격하자 다른 한 명의 전희도 공격했다.\n이것이 원호 공격이다.","指挥官，不知您是否有注意到，\n刚刚一名战姬攻击后，有另一位战姬也进行了攻击，\n这就是援护攻击。","指挥官，不知您是否有注意到，\n刚刚一名战姬攻击后，有另一位战姬也进行了攻击，\n这就是援护攻击。","指挥官，不知您是否有注意到，\n刚刚一名战姬攻击后，有另一位战姬也进行了攻击，\n这就是援护攻击。",O
,"39002","JAP","원호공격은 전희(戰姬)가 일반 공격을 감행한 후,\n또 다른 전희(戰姬)가 같은 목표에 대한 일반적인 공격을 촉발할 수도 있다.","“援护攻击”就是在任意战姬进行普通攻击行动后，\n都有可能触发另一名战姬对同一个目标进行一次普通攻击行动。","“援护攻击”就是在任意战姬进行普通攻击行动后，\n都有可能触发另一名战姬对同一个目标进行一次普通攻击行动。","“援护攻击”就是在任意战姬进行普通攻击行动后，\n都有可能触发另一名战姬对同一个目标进行一次普通攻击行动。",O
,"39003","JAP","당신은 나중에 전희 속성 인터페이스에서 각 전희가 원호 공격을 할 확률을 확인할 수 있다.","您可以之后在战姬属性界面查看到各个战姬进行援护攻击的概率","您可以之后在战姬属性界面查看到各个战姬进行援护攻击的概率","您可以之后在战姬属性界面查看到各个战姬进行援护攻击的概率",O
,"39004","JAP","원호 공격에 대한 설명은 여기까지로 끝났으니, 계속 싸워 주십시오.","关于援护攻击的讲解到此为止，请您继续战斗吧","关于援护攻击的讲解到此为止，请您继续战斗吧","关于援护攻击的讲解到此为止，请您继续战斗吧",O
,"40001","JAP","지휘관님, 전희(戰姬)의 의지(義地) 배이(配異)반응이 감지되었습니다.\n의지 배이 반응에 대한 내용을 설명하겠습니다.","指挥官，检测到有战姬即将发生义肢排异反应，\n我将说明一下有关义肢排异反应的内容。","指挥官，检测到有战姬即将发生义肢排异反应，\n我将说明一下有关义肢排异反应的内容。","指挥官，检测到有战姬即将发生义肢排异反应，\n我将说明一下有关义肢排异反应的内容。",O
,"40002","JAP","전희들은 한 고비에서 일정 라운드의 전투를 치른 후,\n의지 배이반응이 일어나 전희의 속성이 크게 떨어진다.","战姬们在一个关卡中进行一定回合的战斗后，\n会发生义肢排异反应，导致战姬的属性大幅下降。","战姬们在一个关卡中进行一定回合的战斗后，\n会发生义肢排异反应，导致战姬的属性大幅下降。","战姬们在一个关卡中进行一定回合的战斗后，\n会发生义肢排异反应，导致战姬的属性大幅下降。",O
,"40003","JAP","전희의 배이반응 라운드 수는 이들의 의지화율과 관련이 있다.\n의지화율이 높은 전희일수록 배이반응이 일찍 일어난다.","战姬发生排异反应的回合数与她们的义肢化率有关，\n义肢化率越高的战姬，越早发生排异反应。","战姬发生排异反应的回合数与她们的义肢化率有关，\n义肢化率越高的战姬，越早发生排异反应。","战姬发生排异反应的回合数与她们的义肢化率有关，\n义肢化率越高的战姬，越早发生排异反应。",O
,"40004","JAP","전투 중에 전희의 배이반응이 일어날 때,\n경계면에 경고 메시지가 나타날 것이다.","在战斗中，当战姬即将发生排异反应时，\n界面中会出现警示信息。","在战斗中，当战姬即将发生排异反应时，\n界面中会出现警示信息。","在战斗中，当战姬即将发生排异反应时，\n界面中会出现警示信息。",O
,"40005","JAP","따라서 전투시간을 합리적으로 계획해 전희에 이상이 없도록 하십시오.","所以请合理规划战斗时间，避免战姬出现异常状态。","所以请合理规划战斗时间，避免战姬出现异常状态。","所以请合理规划战斗时间，避免战姬出现异常状态。",O
,"41001","JAP","지휘관, 여기가 바로 전희의 데이터링크 시스템입니다.\n제가 데이터 체인 시스템 기능을 설명해 드릴게요!","指挥官，这里就是战姬的数据链系统了，\n我来为您讲解一下数据链系统功能吧！","指挥官，这里就是战姬的数据链系统了，\n我来为您讲解一下数据链系统功能吧！","指挥官，这里就是战姬的数据链系统了，\n我来为您讲解一下数据链系统功能吧！",O
,"41002","JAP","여기서 당신은 같은 종류의 전투희비를 소모할 수 있습니다.\n목표의 전희를 강화한 RANK.","在这里，您可以消耗同型号战姬，\n强化目标战姬的RANK。","在这里，您可以消耗同型号战姬，\n强化目标战姬的RANK。","在这里，您可以消耗同型号战姬，\n强化目标战姬的RANK。",O
,"41003","JAP","매번 랭크가 강화되면 타깃 전희는 속성이 향상된다.\n전희에 따라 얻을 수 있는 속성이 달라진다.","每次RANK强化后，目标战姬都会获得属性提升，\n不同的战姬所能获得的属性会有所不同。","每次RANK强化后，目标战姬都会获得属性提升，\n不同的战姬所能获得的属性会有所不同。","每次RANK强化后，目标战姬都会获得属性提升，\n不同的战姬所能获得的属性会有所不同。",O
,"41004","JAP","이후 같은 모델의 전희를 얻었다면 RANK 강화를 시도해 보십시오.","之后如果获得了同型号战姬，请记得尝试强化RANK。","之后如果获得了同型号战姬，请记得尝试强化RANK。","之后如果获得了同型号战姬，请记得尝试强化RANK。",O
,"42001","JAP","지휘관, 각 전투의 거슬러 올라가…. 어려운 모드가 열려 있다고 해도 과언이 아닙니다.\n챕터 선택 인터페이스에서 어려운 모드를 전환하여 더욱 험난한 전장을 경험할 수 있다.","指挥官，各个战役的回溯……也可以说是困难模式已经为您开启了，\n您可以在章节选择界面中切换困难模式体验更加凶险的战场。","指挥官，各个战役的回溯……也可以说是困难模式已经为您开启了，\n您可以在章节选择界面中切换困难模式体验更加凶险的战场。","指挥官，各个战役的回溯……也可以说是困难模式已经为您开启了，\n您可以在章节选择界面中切换困难模式体验更加凶险的战场。",O
,"42002","JAP","어려운 모드에서는 전희 기능 업그레이드를 위한 증표와 중급 디코딩 칩, 함대 시설 업그레이드를 위한 은화 원화를 얻을 수 있다.\n함대 증강을 목표로 한다면 부디 적극적으로 참여해 주십시오.","在困难模式中，您可以获得用于战姬技能升级的信物和中级解码芯片，以及用于舰队设施升级的白银圆币。\n如果以壮大舰队为目标的话，请您务必积极参与哦。","在困难模式中，您可以获得用于战姬技能升级的信物和中级解码芯片，以及用于舰队设施升级的白银圆币。\n如果以壮大舰队为目标的话，请您务必积极参与哦。","在困难模式中，您可以获得用于战姬技能升级的信物和中级解码芯片，以及用于舰队设施升级的白银圆币。\n如果以壮大舰队为目标的话，请您务必积极参与哦。",O
,"43001","JAP","지휘관, 동맹 시스템이 개방되었으니 따라오십시오.","指挥官，同盟系统开放了，请跟我来","指挥官，同盟系统开放了，请跟我来","指挥官，同盟系统开放了，请跟我来",O
,"43002","JAP","동맹은 플레이어들끼리 조직된 조직으로, 당신은 그 안에서 다른 플레이어들과 동맹을 건설하고 서로 도울 수 있으며, 미래에는 함께 싸울 수도 있다.","同盟是玩家之间组成的组织，您可以在其中和其他玩家一起建设同盟并互相帮助，未来还可以一起作战","同盟是玩家之间组成的组织，您可以在其中和其他玩家一起建设同盟并互相帮助，未来还可以一起作战","同盟是玩家之间组成的组织，您可以在其中和其他玩家一起建设同盟并互相帮助，未来还可以一起作战",O
,"43003","JAP","동맹 목록에서 가입하고 싶은 동맹을 선택할 수도 있고, 동맹 이름을 검색하는 방식으로 지정 동맹에 가입할 수도 있다.","您可以在同盟列表中选择想要加入的同盟，也可以通过搜索同盟名字的方式加入指定同盟。","您可以在同盟列表中选择想要加入的同盟，也可以通过搜索同盟名字的方式加入指定同盟。","您可以在同盟列表中选择想要加入的同盟，也可以通过搜索同盟名字的方式加入指定同盟。",O
,"43004","JAP","가입하고 싶은 동맹을 선정하신 후 가입하기 버튼을 클릭하시면 가입신청이 가능합니다.","当您选定了想要加入的同盟后，点击加入同盟按钮即可申请加入。","当您选定了想要加入的同盟后，点击加入同盟按钮即可申请加入。","当您选定了想要加入的同盟后，点击加入同盟按钮即可申请加入。",O
,"43005","JAP","가입하고 싶은 동맹이 없다면 동맹 창설 버튼을 눌러 스스로 동맹을 만들 수도 있다.","如果你没有想加入的同盟，也可以点击创建同盟按钮，自己建立一个同盟","如果你没有想加入的同盟，也可以点击创建同盟按钮，自己建立一个同盟","如果你没有想加入的同盟，也可以点击创建同盟按钮，自己建立一个同盟",O
,"43006","JAP","동맹에 대한 소개는 여기까지입니다. 동맹에 가입하면 많은 인센티브와 이점이 있습니다. 그 후에는 반드시 한 동맹에 들어가시기 바랍니다.","关于同盟的介绍到此为止，加入同盟之后有许多奖励和好处，请您之后务必进入一个同盟。","关于同盟的介绍到此为止，加入同盟之后有许多奖励和好处，请您之后务必进入一个同盟。","关于同盟的介绍到此为止，加入同盟之后有许多奖励和好处，请您之后务必进入一个同盟。",O
,"44001","JAP","지휘관님, 우리는 새로운 지역을 탐지하였으니, 저를 따라오십시오.","指挥官，我们侦测到一片新的区域，请跟我来","指挥官，我们侦测到一片新的区域，请跟我来","指挥官，我们侦测到一片新的区域，请跟我来",O
,"44002","JAP","새로 발견된 영역을 다크 존이라고 합니다. 여기를 클릭하여 다크 존으로 들어가십시오.","新发现的区域被称作暗区，请点击这里进入暗区","新发现的区域被称作暗区，请点击这里进入暗区","新发现的区域被称作暗区，请点击这里进入暗区",O
,"44003","JAP","다크 존에는 강력한 보스들이 존재한다.\n당신은 순서대로 그들을 차례로 격파해야 합니다.","在暗区中，存在一系列强大的BOSS。\n您需要按顺序，依次击败他们。","在暗区中，存在一系列强大的BOSS。\n您需要按顺序，依次击败他们。","在暗区中，存在一系列强大的BOSS。\n您需要按顺序，依次击败他们。",O
,"44004","JAP","보스를 이길 때마다 좋은 보상을 받을 수 있습니다. 열심히 전진해서 보상을 받으세요.","每击败一个BOSS，您都可以获得一份不错的奖励，请努力前进，赢取奖励吧。","每击败一个BOSS，您都可以获得一份不错的奖励，请努力前进，赢取奖励吧。","每击败一个BOSS，您都可以获得一份不错的奖励，请努力前进，赢取奖励吧。",O
,"45001","JAP","지휘관, 함대 계통의 탐색함이 준비됐으니 따라오십시오.","指挥官，舰队系统的探索舰已经准备就绪，请跟我来。","指挥官，舰队系统的探索舰已经准备就绪，请跟我来。","指挥官，舰队系统的探索舰已经准备就绪，请跟我来。",O
,"45002","JAP","이곳을 클릭하여 탐색함으로 들어가십시오.","请点击这里进入探索舰。","请点击这里进入探索舰。","请点击这里进入探索舰。",O
,"45003","JAP","탐색함에서 AG를 각 지역에 파견하여 자원을 가져올 수 있습니다.\n현재 한 지역만 잠금이 해제되어 있으며, 본선 관문이 추진됨에 따라 점차 더 많은 지역만 잠금이 해제됩니다.","在探索舰中，您可以派遣AG到各个区域执行派遣任务，获取资源。\n目前暂时只解锁了一个区域，随着主线关卡的推进，会逐渐解锁更多区域。","在探索舰中，您可以派遣AG到各个区域执行派遣任务，获取资源。\n目前暂时只解锁了一个区域，随着主线关卡的推进，会逐渐解锁更多区域。","在探索舰中，您可以派遣AG到各个区域执行派遣任务，获取资源。\n目前暂时只解锁了一个区域，随着主线关卡的推进，会逐渐解锁更多区域。",O
,"45004","JAP","각 영역에 여러 개의 파견 작업을 선택할 수 있습니다.\n파견 등급이 높아짐에 따라 앞으로 더 많은 작업의 잠금을 해제할 것입니다.","每个区域中，会有多个派遣任务供您选择。\n随着您的派遣等级提升，未来还会解锁更多的任务。","每个区域中，会有多个派遣任务供您选择。\n随着您的派遣等级提升，未来还会解锁更多的任务。","每个区域中，会有多个派遣任务供您选择。\n随着您的派遣等级提升，未来还会解锁更多的任务。",O
,"45005","JAP","파견임무마다 필요한 조건을 충족해야 파견이 가능하다.\n여기에 가산점 조건을 충족하면 더 많은 보상을 받을 수 있다.","每个派遣任务都需要达到必要条件才能进行派遣。\n在此基础上，如果您满足了加分条件，就可以获得更多的奖励。","每个派遣任务都需要达到必要条件才能进行派遣。\n在此基础上，如果您满足了加分条件，就可以获得更多的奖励。","每个派遣任务都需要达到必要条件才能进行派遣。\n在此基础上，如果您满足了加分条件，就可以获得更多的奖励。",O
,"45006","JAP","빠른 배치를 누르면 시스템이 자동으로 적절한 AG를 선택하여 파견 작업을 수행할 수 있습니다.","点击快速部署，可以让系统自动帮您选择合适的AG去执行派遣任务。","点击快速部署，可以让系统自动帮您选择合适的AG去执行派遣任务。","点击快速部署，可以让系统自动帮您选择合适的AG去执行派遣任务。",O
,"45007","JAP","파견 버튼을 누르면 AG들이 출발할 수 있다.","点击派遣按钮，就可以让AG们出发了。","点击派遣按钮，就可以让AG们出发了。","点击派遣按钮，就可以让AG们出发了。",O
,"45008","JAP","파견 임무를 수행 중인 AG팀이 이곳에 전시된다.\n현재 AG를 한 팀만 파견할 수 있습니다. 이후 본선 관문이 추진됨에 따라 더 많은 파견 가능 팀이 해제될 것입니다.","正在执行派遣任务的AG队伍会展示在这里。\n目前您暂时只能派遣一队AG，之后随着主线关卡的推进，会解锁更多的可派遣队伍。","正在执行派遣任务的AG队伍会展示在这里。\n目前您暂时只能派遣一队AG，之后随着主线关卡的推进，会解锁更多的可派遣队伍。","正在执行派遣任务的AG队伍会展示在这里。\n目前您暂时只能派遣一队AG，之后随着主线关卡的推进，会解锁更多的可派遣队伍。",O
,"45009","JAP","AG 팀이 파견 작업을 완료하면, 이 곳을 클릭하여 보상을 받습니다.","当有AG队伍完成派遣任务后，您需要点击这里，主动收取奖励。","当有AG队伍完成派遣任务后，您需要点击这里，主动收取奖励。","当有AG队伍完成派遣任务后，您需要点击这里，主动收取奖励。",O
,"45010","JAP","파견에 대한 설명은 여기서 끝났고, 이후 파견 기능을 많이 활용해 함대에 필요한 자원을 확보하도록 했다.","派遣相关的说明就到此为止了，之后请多多利用派遣功能，获取舰队所需的资源。","派遣相关的说明就到此为止了，之后请多多利用派遣功能，获取舰队所需的资源。","派遣相关的说明就到此为止了，之后请多多利用派遣功能，获取舰队所需的资源。",O
,"46001","JAP","지휘관님, 지금 편대할 때 전희 자동전투를 할 때의 행동방식을 설정할 수 있습니다.\n제가 설명해 드릴까요?","指挥官，您现在可以在编队时设置战姬自动战斗时的行动方式。\n需要我为您说明一下吗？","指挥官，您现在可以在编队时设置战姬自动战斗时的行动方式。\n需要我为您说明一下吗？","指挥官，您现在可以在编队时设置战姬自动战斗时的行动方式。\n需要我为您说明一下吗？",O
,"46002","JAP","여기를 클릭하면 캐릭터의 자동 전투 시 행동 방식을 수정할 수 있다.","点击这里，可以为角色修改自动战斗时的行动方式。","点击这里，可以为角色修改自动战斗时的行动方式。","点击这里，可以为角色修改自动战斗时的行动方式。",O
,"46003","JAP","여기서 수정된 방안은 전투에서 바로 효력을 발휘할 수 있으니 많이 활용하라.","在这里修改后的方案可以直接在战斗中生效，请多加利用吧。","在这里修改后的方案可以直接在战斗中生效，请多加利用吧。","在这里修改后的方案可以直接在战斗中生效，请多加利用吧。",O
,"47001","JAP","지휘관님, 전속무장을 해제할 수 있는 전희인데 제가 기능을 설명해 드릴까요?","指挥官，该战姬已经可以解锁专属武装了，需要我为您说明一下相关功能吗？","指挥官，该战姬已经可以解锁专属武装了，需要我为您说明一下相关功能吗？","指挥官，该战姬已经可以解锁专属武装了，需要我为您说明一下相关功能吗？",O
,"47002","JAP","여기 눌러서 저만의 개발하세요.개발을 해보세요.","请点击这里进行专属武装的研发","请点击这里进行专属武装的研发","请点击这里进行专属武装的研发",O
,"47003","JAP","전속 무장 연구 개발은 여러 가지 소재를 소모해야 하므로, 당신은 여기에서 볼 수 있다.","专属武装研发需要消耗多种素材，您可以在这里查看","专属武装研发需要消耗多种素材，您可以在这里查看","专属武装研发需要消耗多种素材，您可以在这里查看",O
,"47004","JAP","전속무장연구개발에 필요한 무장신청서는 《보급-군장환전》에서 얻을 수 있다.","专属武装研发所需的武装申请函，可以在「补给-军章兑换」中获得。","专属武装研发所需的武装申请函，可以在「补给-军章兑换」中获得。","专属武装研发所需的武装申请函，可以在「补给-军章兑换」中获得。",O
,"47005","JAP","전속무장이 개발되면 전희의 능력치가 향상되고, 전희의 한 스킬을 특화시킬 수 있다.","专属武装研发完毕后，可以提升战姬的能力值，并且会使战姬的一个技能升级为特化技能。","专属武装研发完毕后，可以提升战姬的能力值，并且会使战姬的一个技能升级为特化技能。","专属武装研发完毕后，可以提升战姬的能力值，并且会使战姬的一个技能升级为特化技能。",O
,"47006","JAP","이후 전속무장의 등급을 계속 강화해 전속무장의 능력치를 높일 수 있다.\n전속무장등급이 10계급 올라갈 때마다 특화기능의 효과도 증대된다.","之后您可以继续强化专属武装的等级，增加专属武装的能力值。\n专属武装等级每提升10级，还会使特化技能的效果进一步增强。","之后您可以继续强化专属武装的等级，增加专属武装的能力值。\n专属武装等级每提升10级，还会使特化技能的效果进一步增强。","之后您可以继续强化专属武装的等级，增加专属武装的能力值。\n专属武装等级每提升10级，还会使特化技能的效果进一步增强。",O
,"47007","JAP","전속무장을 업그레이드할 때는 이능물질 및 증표를 사용해야 한다.\n이질적인 물질은 푸른 안개 금지 구역에 도전함으로써 얻을 수 있다.","升级专属武装时需要使用异能物质以及信物。\n异能物质可以通过挑战「蓝雾禁区」获得。","升级专属武装时需要使用异能物质以及信物。\n异能物质可以通过挑战「蓝雾禁区」获得。","升级专属武装时需要使用异能物质以及信物。\n异能物质可以通过挑战「蓝雾禁区」获得。",O
,"47008","JAP","증서는 통관할 수 있고, 본선의 관문에 도전해 얻을 수 있으며, 계보별 전희(戰姬)는 각기 다른 증표를 사용해야 한다.\n또한, 일반적인 모드와 어려운 모드가 떨어지는 증표의 유형이 다르므로 필요에 따라 획득하시기 바랍니다.","信物可以通关挑战主线关卡获得，不同系谱的战姬需要使用不同的信物。\n另外，普通模式与困难模式掉落的信物类型有所不同，请您根据需要进行获取。","信物可以通关挑战主线关卡获得，不同系谱的战姬需要使用不同的信物。\n另外，普通模式与困难模式掉落的信物类型有所不同，请您根据需要进行获取。","信物可以通关挑战主线关卡获得，不同系谱的战姬需要使用不同的信物。\n另外，普通模式与困难模式掉落的信物类型有所不同，请您根据需要进行获取。",O
,"47009","JAP","현재 일부 전희만 전속무장을 개방하고 있어 앞으로 계속 늘어날 전망이다.\n전속무장시스템에 대한 설명은 여기서 마무리한다.","目前，仅有部分战姬开放了专属武装，未来会陆续增加。\n关于专属武装系统的说明到此结束。","目前，仅有部分战姬开放了专属武装，未来会陆续增加。\n关于专属武装系统的说明到此结束。","目前，仅有部分战姬开放了专属武装，未来会陆续增加。\n关于专属武装系统的说明到此结束。",O
