Help_content_100101	KOR
Help_content_100102	KOR
Help_content_100201	KOR
Help_content_100202	KOR
Help_content_100203	KOR
Help_content_100301	KOR
Help_content_100302	KOR
Help_content_100303	KOR
Help_content_100401	KOR
Help_content_100501	KOR
Help_content_100502	KOR
Help_content_100601	KOR
Help_content_100701	KOR
Help_content_100702	KOR
Help_content_100703	KOR
Help_content_100801	JAP
Help_content_100802	JAP
Help_content_100803	JAP
Help_content_100804	KOR
Help_content_100901	JAP
Help_content_101001	JAP
Help_content_101002	JAP
Help_content_101003	JAP
Help_content_101101	JAP
Help_content_101102	KOR
Help_content_101201	JAP
Help_content_101202	JAP
Help_content_101203	JAP
Help_content_101301	KOR
Help_content_101401	KOR
Help_content_101501	KOR
Help_content_104002	KOR
